
Time,inertial-6286.188861:estLinearAccelZ,inertial-6286.188861:estLinearAccelZ:valid,inertial-6286.188861:estLinearAccelX,inertial-6286.188861:estLinearAccelX:valid,inertial-6286.188861:estLinearAccelY,inertial-6286.188861:estLinearAccelY:valid
02/11/26 22:44:53.993751808,0.05168615281581879,1,0.3267165720462799,1,-1.310763239860535,1
02/11/26 22:44:54.093732096,0.03571064025163651,1,-0.1984325051307678,1,-0.0173234399408102,1
02/11/26 22:44:54.193697536,0.1494153439998627,1,-0.1383230984210968,1,-0.2834894955158234,1
02/11/26 22:44:54.293746688,-0.03172095119953156,1,0.2506073117256165,1,-0.3007000088691711,1
02/11/26 22:44:54.393729024,-0.0262755062431097,1,-0.1464697569608688,1,0.5810365676879883,1
02/11/26 22:44:54.493692416,0.05296674370765686,1,0.4206553101539612,1,0.3147357404232025,1
02/11/26 22:44:54.593740800,0.1104620546102524,1,0.002379391342401505,1,0.6825307011604309,1
02/11/26 22:44:54.693720320,-0.01893876306712627,1,-0.1137509793043137,1,0.6380016207695007,1
02/11/26 22:44:54.793682944,-0.05053512006998062,1,0.06492508947849274,1,0.2089204043149948,1
02/11/26 22:44:54.893730304,0.04649241641163826,1,-0.0125757297500968,1,0.1108196750283241,1
02/11/26 22:44:54.993709824,0.01291564665734768,1,0.1493003070354462,1,0.6537295579910278,1
02/11/26 22:44:55.093673216,0.06680698692798615,1,0.07243455201387405,1,0.02270497567951679,1
02/11/26 22:44:55.193719808,-0.02329655736684799,1,0.03658148646354675,1,0.8483211994171143,1
02/11/26 22:44:55.293698048,0.0157700851559639,1,0.1285930126905441,1,1.177225351333618,1
02/11/26 22:44:55.393668608,0.02056986093521118,1,0.1471185982227325,1,1.60038423538208,1
02/11/26 22:44:55.493721088,-0.06549198180437088,1,0.1630111634731293,1,0.7179034948348999,1
02/11/26 22:44:55.593702400,0.03678344190120697,1,0.2314725965261459,1,0.0665806382894516,1
02/11/26 22:44:55.693674496,0.2163591086864471,1,-0.320614755153656,1,-0.4825859665870667,1
02/11/26 22:44:55.793726976,0.2371595948934555,1,-0.1271124333143234,1,-0.007266363129019737,1
02/11/26 22:44:55.893708800,0.1163401007652283,1,0.250963568687439,1,-0.3140578866004944,1
02/11/26 22:44:55.993680128,-0.1004449874162674,1,-0.05678873509168625,1,-0.6858441829681396,1
02/11/26 22:44:56.093731584,-0.07966910302639008,1,-0.02320472896099091,1,-0.5270717144012451,1
02/11/26 22:44:56.193712896,-0.02519848570227623,1,-0.1676953136920929,1,-0.7065348625183105,1
02/11/26 22:44:56.293682944,-0.005693515762686729,1,0.1530647724866867,1,-0.7427405714988708,1
02/11/26 22:44:56.393734400,-0.01143898442387581,1,0.06418652832508087,1,-0.7853742837905884,1
02/11/26 22:44:56.493714944,-0.04476688802242279,1,-0.02787983231246471,1,-0.1371343731880188,1
02/11/26 22:44:56.593683456,-0.001312426989898086,1,-0.007778868544846773,1,0.0194923672825098,1
02/11/26 22:44:56.693734400,-0.004817512352019548,1,-0.007658436894416809,1,-0.004777670837938786,1
02/11/26 22:44:56.793714432,0.001205565175041556,1,0.0002135696122422814,1,0.00630264962092042,1
02/11/26 22:44:56.893683200,0.006105139385908842,1,-0.0139332078397274,1,-0.007777074351906776,1
02/11/26 22:44:56.993732608,0.03510303050279617,1,0.009668460115790367,1,0.08734630048274994,1
02/11/26 22:44:57.093711104,0.05079484730958939,1,0.0005640429444611073,1,0.07893355190753937,1
02/11/26 22:44:57.193678336,-0.02706392295658588,1,-0.007268802262842655,1,-0.04508361220359802,1
02/11/26 22:44:57.293726976,0.01192233618348837,1,0.003837736323475838,1,0.02277139388024807,1
02/11/26 22:44:57.393706752,0.006339567713439465,1,-0.009213602170348167,1,0.0145218363031745,1
02/11/26 22:44:57.493676288,0.04466155543923378,1,-0.002354214899241924,1,0.07351664453744888,1
02/11/26 22:44:57.593724416,0.009549634531140327,1,0.002999533666297793,1,0.007376553025096655,1
02/11/26 22:44:57.693702144,0.0004302641609683633,1,-0.02405428886413574,1,0.07973900437355042,1
02/11/26 22:44:57.793670144,-0.007067890372127295,1,-0.101643294095993,1,0.02268286421895027,1
02/11/26 22:44:57.893717248,-0.05609963089227676,1,0.05623921751976013,1,-0.2117629200220108,1
02/11/26 22:44:57.993694720,-0.1228234246373177,1,0.07338528335094452,1,-5.396391868591309,1
02/11/26 22:44:58.093661696,0.3019689321517944,1,0.4361256659030914,1,-5.583896160125732,1
02/11/26 22:44:58.193708288,-0.1838911026716232,1,-0.6255226731300354,1,2.198054790496826,1
02/11/26 22:44:58.293683712,-0.3268562853336334,1,-0.03056475520133972,1,3.874987363815308,1
02/11/26 22:44:58.393650944,0.05370159074664116,1,0.6064062118530273,1,1.519582748413086,1
02/11/26 22:44:58.493700864,-0.05334626138210297,1,-0.2256505042314529,1,0.5979769825935364,1
02/11/26 22:44:58.593682432,0.05145655199885368,1,-0.4639417231082916,1,0.4559698700904846,1
02/11/26 22:44:58.693647616,0.02064614184200764,1,0.01503369677811861,1,-0.4394241869449615,1
02/11/26 22:44:58.793696768,0.003054206259548664,1,0.01331431046128273,1,-0.03679565340280533,1
02/11/26 22:44:58.893678592,0.01569728925824165,1,0.019291952252388,1,-0.02794301882386208,1
02/11/26 22:44:58.993643776,0.00895821675658226,1,0.007570969872176647,1,-0.03194045275449753,1
02/11/26 22:44:59.093692672,0.002614821773022413,1,0.02018966339528561,1,-0.05410241708159447,1
02/11/26 22:44:59.193675008,0.009586906060576439,1,-0.02941927500069141,1,0.09250231087207794,1
02/11/26 22:44:59.293641728,0.009897778742015362,1,-0.01051572151482105,1,-0.004333374090492725,1
02/11/26 22:44:59.393690112,0.007930104620754719,1,0.09183208644390106,1,0.3272898197174072,1
02/11/26 22:44:59.493671936,-0.1207554563879967,1,-0.05400428175926208,1,3.276254177093506,1
02/11/26 22:44:59.593636864,-0.002416521310806274,1,0.6754663586616516,1,2.691372871398926,1
02/11/26 22:44:59.693685248,-0.1673951894044876,1,-0.1638422608375549,1,1.119126439094543,1
02/11/26 22:44:59.793666304,0.2663750648498535,1,0.3093417584896088,1,-2.485057592391968,1
02/11/26 22:44:59.893629952,0.07528313994407654,1,-0.3806896507740021,1,-3.431250333786011,1
02/11/26 22:44:59.993675776,-0.0117118377238512,1,-0.08157539367675781,1,-2.137804985046387,1
02/11/26 22:45:00.093658880,0.02055591717362404,1,-0.05283070728182793,1,-0.6102300882339478,1
02/11/26 22:45:00.193633792,0.04087961092591286,1,0.2417932748794556,1,-0.6716024875640869,1
02/11/26 22:45:00.293686272,0.07388602942228317,1,-0.02677726373076439,1,0.08670535683631897,1
02/11/26 22:45:00.393668608,0.007465489208698273,1,-0.01829056069254875,1,0.1810247898101807,1
02/11/26 22:45:00.493640448,-0.0210142582654953,1,-0.01662911474704742,1,0.1577574461698532,1
02/11/26 22:45:00.593692416,0.02100484259426594,1,-0.01049007568508387,1,0.1523329019546509,1
02/11/26 22:45:00.693672192,-0.001382685964927077,1,-0.01512065995484591,1,0.145461842417717,1
02/11/26 22:45:00.793642752,-0.004569360986351967,1,-0.005629385821521282,1,0.1088321283459663,1
02/11/26 22:45:00.893694720,0.0110089024528861,1,-0.007387345656752586,1,0.1298702508211136,1
02/11/26 22:45:00.993676288,0.01006535068154335,1,-0.006619902327656746,1,0.09972827136516571,1
02/11/26 22:45:01.093645056,-0.0003128792159259319,1,-0.01064150873571634,1,0.1124232485890388,1
02/11/26 22:45:01.193696256,0.007802903186529875,1,-0.0067960643209517,1,0.08827874064445496,1
02/11/26 22:45:01.293677312,0.008122313767671585,1,-0.003637984395027161,1,0.1026786863803864,1
02/11/26 22:45:01.393646592,0.01529392693191767,1,-0.008136463351547718,1,0.07843489944934845,1
02/11/26 22:45:01.493697024,0.007487543858587742,1,-0.005012636538594961,1,0.08229018747806549,1
02/11/26 22:45:01.593677056,0.0005948996404185891,1,-0.004235348664224148,1,0.06562052667140961,1
02/11/26 22:45:01.693645824,0.01426766067743301,1,-0.005076511297374964,1,0.07982102781534195,1
02/11/26 22:45:01.793695232,0.007779499050229788,1,-0.0034102788195014,1,0.07631723582744598,1
02/11/26 22:45:01.893673216,0.01093536987900734,1,-0.005691805854439735,1,0.04524803906679153,1
02/11/26 22:45:01.993642240,-0.002841310109943151,1,-0.007482514716684818,1,0.07874531298875809,1
02/11/26 22:45:02.093690880,0.00916319340467453,1,-0.005256806034594774,1,0.05518300831317902,1
02/11/26 22:45:02.193668352,0.009156598709523678,1,-0.003288143081590533,1,0.06594967097043991,1
02/11/26 22:45:02.293637632,0.0151921845972538,1,-0.005702575203031301,1,0.04987414926290512,1
02/11/26 22:45:02.393684480,0.003338624257594347,1,-0.002701971679925919,1,0.04856478422880173,1
02/11/26 22:45:02.493662208,0.005291592795401812,1,-0.001925613498315215,1,0.05560043826699257,1
02/11/26 22:45:02.593628672,0.01257697958499193,1,-0.002372013404965401,1,0.05453899130225182,1
02/11/26 22:45:02.693675008,-0.002029947238042951,1,0.003599383868277073,1,0.04677927866578102,1
02/11/26 22:45:02.793650688,0.001313641434535384,1,-0.003739487146958709,1,0.0442514456808567,1
02/11/26 22:45:02.893616896,0.007734563201665878,1,-0.0004725389881059527,1,0.04835513606667519,1
02/11/26 22:45:02.993667072,0.02115404047071934,1,0.005172981414943933,1,0.04659863188862801,1
02/11/26 22:45:03.093650432,0.0102154491469264,1,-0.007457295898348093,1,0.02626723051071167,1
02/11/26 22:45:03.193615104,0.007344994693994522,1,-0.003258627839386463,1,0.05416053161025047,1
02/11/26 22:45:03.293665024,0.01505293603986502,1,-0.003151566721498966,1,0.04523885250091553,1
02/11/26 22:45:03.393647104,0.007265409920364618,1,-0.006872077938169241,1,0.04474406316876411,1
02/11/26 22:45:03.493611264,0.01078800670802593,1,0.0004697855329141021,1,0.03565958887338638,1
02/11/26 22:45:03.593660416,0.003477463498711586,1,0.009466739371418953,1,0.06168794259428978,1
02/11/26 22:45:03.693641728,0.0002598511055111885,1,-0.008747834712266922,1,0.04143010824918747,1
02/11/26 22:45:03.793605632,0.01430656015872955,1,-0.005010711029171944,1,0.03403286263346672,1
02/11/26 22:45:03.893652224,0.009326782077550888,1,-0.001577305141836405,1,0.04447820037603378,1
02/11/26 22:45:03.993631488,0.004132491070777178,1,-0.007064037956297398,1,0.037367083132267,1
02/11/26 22:45:04.093596928,0.01022322475910187,1,-0.0007433851715177298,1,0.02973105199635029,1
02/11/26 22:45:04.193649664,0.01102354843169451,1,0.0004761036252602935,1,0.03345215693116188,1
02/11/26 22:45:04.293632000,0.006844195071607828,1,-0.004623767919838428,1,0.03898129239678383,1
02/11/26 22:45:04.393605632,-0.005916415713727474,1,-0.0005809923750348389,1,0.03076921403408051,1
02/11/26 22:45:04.493657600,0.0050656464882195,1,0.000870994757860899,1,0.03914308175444603,1
02/11/26 22:45:04.593639936,0.008886248804628849,1,-0.004922602325677872,1,0.03244207799434662,1
02/11/26 22:45:04.693611520,0.004468719940632582,1,-0.004468028899282217,1,0.02431335300207138,1
02/11/26 22:45:04.793665536,-0.001979733584448695,1,0.00204598973505199,1,0.03052812814712524,1
02/11/26 22:45:04.893652480,0.006273014470934868,1,-0.004247210919857025,1,0.02701414935290813,1
02/11/26 22:45:04.993623808,0.01579847559332848,1,-0.004055400844663382,1,0.02950251288712025,1
02/11/26 22:45:05.093674752,0.004392233677208424,1,-0.002794446656480432,1,0.03483761474490166,1
02/11/26 22:45:05.193655040,0.001667110016569495,1,0.0005909170722588897,1,0.02640526555478573,1
02/11/26 22:45:05.293624064,0.004656014498323202,1,-0.001171785057522357,1,0.03265419602394104,1
02/11/26 22:45:05.393677056,0.01624676957726479,1,-0.0002575368853285909,1,0.03192614018917084,1
02/11/26 22:45:05.493659904,-0.001596941030584276,1,-0.001307837315835059,1,0.01340931560844183,1
02/11/26 22:45:05.593628928,0.004667509812861681,1,0.0003522944753058255,1,0.03290326520800591,1
02/11/26 22:45:05.693679104,0.005820665042847395,1,-0.002900569699704647,1,0.02384549751877785,1
02/11/26 22:45:05.793659648,0.01141868904232979,1,-0.003412118414416909,1,0.02440936304628849,1
02/11/26 22:45:05.893627904,0.002128627616912127,1,-0.005550961010158062,1,0.02617610059678555,1
02/11/26 22:45:05.993676288,0.002059027785435319,1,-0.00402382668107748,1,0.02593036741018295,1
02/11/26 22:45:06.093655808,0.01457620225846767,1,-0.004315361846238375,1,0.01993344165384769,1
02/11/26 22:45:06.193623552,0.0117892399430275,1,-0.002243945375084877,1,0.02193145640194416,1
02/11/26 22:45:06.293671680,0.008487125858664513,1,0.001699269516393542,1,0.02823508530855179,1
02/11/26 22:45:06.393649408,0.004266344476491213,1,-0.00394793413579464,1,0.01735747791826725,1
02/11/26 22:45:06.493617152,0.006492121610790491,1,-0.0004018301842734218,1,0.0181255117058754,1
02/11/26 22:45:06.593665536,-0.008316762745380402,1,-0.0001222430146299303,1,0.02321803383529186,1
02/11/26 22:45:06.693642240,0.01150708738714457,1,-0.008805497549474239,1,0.01322728395462036,1
02/11/26 22:45:06.793609728,0.007218483835458755,1,-0.005447336472570896,1,0.02618432603776455,1
02/11/26 22:45:06.893657600,0.003636374371126294,1,-0.01137018296867609,1,0.01713098958134651,1
02/11/26 22:45:06.993635328,0.01187935844063759,1,-0.006685503758490086,1,0.02730555459856987,1
02/11/26 22:45:07.093601792,0.01145754940807819,1,-0.004560071043670177,1,0.02399046532809734,1
02/11/26 22:45:07.193655040,0.01843203976750374,1,-0.004050047136843204,1,0.001595501787960529,1
02/11/26 22:45:07.293636608,-0.001288564060814679,1,-0.007120120339095592,1,0.01608998514711857,1
02/11/26 22:45:07.393602816,0.01495653297752142,1,-0.01388884987682104,1,0.02517119236290455,1
02/11/26 22:45:07.493653248,0.008032746613025665,1,0.0008103964501060545,1,0.02505559101700783,1
02/11/26 22:45:07.593636096,0.007643635384738445,1,-0.002956521697342396,1,0.01209810189902782,1
02/11/26 22:45:07.693602304,0.005262040533125401,1,-0.001542635960504413,1,0.02247187308967113,1
02/11/26 22:45:07.793652224,0.01322598289698362,1,-0.003983193077147007,1,0.02491911686956882,1
02/11/26 22:45:07.893633536,0.004771524108946323,1,0.00129686901345849,1,0.01815812475979328,1
02/11/26 22:45:07.993597440,0.003827399574220181,1,-0.006441089324653149,1,0.02471824549138546,1
02/11/26 22:45:08.093645824,0.006228841841220856,1,-0.005787167698144913,1,0.008682249113917351,1
02/11/26 22:45:08.193627392,0.0148323830217123,1,0.00669750152155757,1,0.02268239855766296,1
02/11/26 22:45:08.293590528,0.006938228849321604,1,0.003197841346263885,1,0.01417254284024239,1
02/11/26 22:45:08.393636864,0.001750414608977735,1,0.001621519681066275,1,0.0217504445463419,1
02/11/26 22:45:08.493616384,0.00885416753590107,1,-3.523495979607105e-05,1,0.01076438836753368,1
02/11/26 22:45:08.593580288,0.01232829689979553,1,-0.0003526060027070343,1,0.02009909972548485,1
02/11/26 22:45:08.693625856,0.01757851801812649,1,0.002328377217054367,1,0.01373320631682873,1
02/11/26 22:45:08.793611520,0.001646307297050953,1,-9.655969915911555e-05,1,0.02460870146751404,1
02/11/26 22:45:08.893585664,0.006877672858536243,1,0.00205564103089273,1,0.01871625147759914,1
02/11/26 22:45:08.993637888,0.009316993877291679,1,-0.0007461008499376476,1,0.01867127604782581,1
02/11/26 22:45:09.093620224,0.01516877021640539,1,-0.001731731346808374,1,0.02805953472852707,1
02/11/26 22:45:09.193592320,0.01354586705565453,1,-0.0009057584684342146,1,0.02930913306772709,1
02/11/26 22:45:09.293643520,4.313094541430473e-05,1,-0.0016423569759354,1,0.01773781143128872,1
02/11/26 22:45:09.393623296,0.01634799316525459,1,0.002607590518891811,1,0.02876820228993893,1
02/11/26 22:45:09.493594880,0.01472331304103136,1,0.0005639152368530631,1,0.02453965693712234,1
02/11/26 22:45:09.593645824,0.0007421164773404598,1,-0.0009157942258752882,1,0.01179892662912607,1
02/11/26 22:45:09.693625088,0.003421134315431118,1,0.0002947425236925483,1,0.008683366701006889,1
02/11/26 22:45:09.793595136,0.008098610676825047,1,-0.004514346830546856,1,0.01834317110478878,1
02/11/26 22:45:09.893646336,0.01097368728369474,1,-0.00186812796164304,1,0.01691082306206226,1
02/11/26 22:45:09.993625856,-0.004725713282823563,1,-0.002262718509882689,1,0.01893774792551994,1
02/11/26 22:45:10.093595648,0.007600092794746161,1,-0.001006732461974025,1,0.0209583044052124,1
02/11/26 22:45:10.193645568,0.006802632473409176,1,-0.003879908705130219,1,0.02196089178323746,1
02/11/26 22:45:10.293625344,0.009383771568536758,1,0.001203810563310981,1,0.01688168384134769,1
02/11/26 22:45:10.393594368,0.003050420898944139,1,-0.001478707883507013,1,0.01178071741014719,1
02/11/26 22:45:10.493644288,0.002950437366962433,1,-0.003180297557264566,1,0.01839034259319305,1
02/11/26 22:45:10.593626368,0.009931189939379692,1,-0.0004528133431449533,1,0.01545539498329163,1
02/11/26 22:45:10.693593088,0.01330314390361309,1,-0.001004139427095652,1,0.01509660296142101,1
02/11/26 22:45:10.793641216,0.006999311968684196,1,-0.0006588042015209794,1,0.01662092283368111,1
02/11/26 22:45:10.893619968,0.002091161906719208,1,-0.003019052091985941,1,0.01582969166338444,1
02/11/26 22:45:10.993587456,0.007135184481739998,1,0.0004577995277941227,1,0.01174553763121367,1
02/11/26 22:45:11.093635840,0.01265650149434805,1,0.001319178030826151,1,0.01635437831282616,1
02/11/26 22:45:11.193613824,0.01601211354136467,1,0.0002522785216569901,1,0.0134583180770278,1
02/11/26 22:45:11.293581568,0.001871435786597431,1,-0.0005521990824490786,1,0.01560666970908642,1
02/11/26 22:45:11.393628672,0.0113851260393858,1,-0.002371335867792368,1,0.01353028602898121,1
02/11/26 22:45:11.493605888,0.01103309169411659,1,0.000552260025870055,1,0.01354929618537426,1
02/11/26 22:45:11.593573632,0.01403619069606066,1,-0.0006893376121297479,1,0.01659166067838669,1
02/11/26 22:45:11.693620224,0.001731711439788342,1,-0.003995900042355061,1,0.01145257148891687,1
02/11/26 22:45:11.793595904,0.003077600849792361,1,-0.002221840899437666,1,0.02042128890752792,1
02/11/26 22:45:11.893562112,0.01118704956024885,1,0.0001929914578795433,1,0.01469718478620052,1
02/11/26 22:45:11.993612544,0.01174510456621647,1,-0.0008710556430742145,1,0.01644721999764442,1
02/11/26 22:45:12.093593856,-0.001490271417424083,1,-0.0005671833641827106,1,0.009776310995221138,1
02/11/26 22:45:12.193559808,0.003747915616258979,1,0.001345633761957288,1,0.01072326209396124,1
02/11/26 22:45:12.293609472,0.01160730980336666,1,0.001310433959588408,1,0.01668663881719112,1
02/11/26 22:45:12.393591296,0.01435603201389313,1,-0.00109092122875154,1,0.01060780882835388,1
02/11/26 22:45:12.493555456,0.003042176365852356,1,0.0007429003599099815,1,0.01648523844778538,1
02/11/26 22:45:12.593607168,0.008721979334950447,1,-0.003996955696493387,1,0.0104085011407733,1
02/11/26 22:45:12.693593856,0.01227761618793011,1,-0.0003620671341195703,1,0.01442080177366734,1
02/11/26 22:45:12.793558528,0.01135930791497231,1,0.002156870439648628,1,0.01336335670202971,1
02/11/26 22:45:12.893605120,-0.002134018111974001,1,0.0003056252608075738,1,0.01634673960506916,1
02/11/26 22:45:12.993584896,0.00559922493994236,1,0.004185717552900314,1,0.01214669179171324,1
02/11/26 22:45:13.093547776,0.01202046219259501,1,0.0001641023845877498,1,0.01333856116980314,1
02/11/26 22:45:13.193593856,0.01385057717561722,1,-0.001963557209819555,1,0.02043972536921501,1
02/11/26 22:45:13.293571584,-9.710667654871941e-05,1,-0.001746597816236317,1,0.005355385597795248,1
02/11/26 22:45:13.393534976,0.000380887882784009,1,-0.003657766617834568,1,0.0117731299251318,1
02/11/26 22:45:13.493583616,0.008822454139590263,1,0.000738795381039381,1,0.01116102188825607,1
02/11/26 22:45:13.593567232,0.009486530907452106,1,0.004238527733832598,1,0.01417810190469027,1
02/11/26 22:45:13.693539840,0.002834803657606244,1,-0.0008480089018121362,1,0.01124384719878435,1
02/11/26 22:45:13.793591552,0.004240834154188633,1,-0.0002560192951932549,1,0.008188748732209206,1
02/11/26 22:45:13.893574144,0.006741425488144159,1,-5.529503687284887e-05,1,0.01349868252873421,1
02/11/26 22:45:13.993545472,0.01014192588627338,1,-0.002018371829763055,1,0.01025771349668503,1
02/11/26 22:45:14.093596928,0.00870341993868351,1,0.003169795265421271,1,0.01206177659332752,1
02/11/26 22:45:14.193576192,0.009298056364059448,1,-0.002146403538063169,1,0.01773973740637302,1
02/11/26 22:45:14.293545728,0.006984161213040352,1,-0.003331968793645501,1,0.01075845398008823,1
02/11/26 22:45:14.393597696,0.01294141262769699,1,0.002233953680843115,1,0.01142580434679985,1
02/11/26 22:45:14.493578752,0.006895676720887423,1,-0.0002005476853810251,1,0.01291213650256395,1
02/11/26 22:45:14.593548800,0.002135834656655788,1,-0.001615186221897602,1,0.016352578997612,1
02/11/26 22:45:14.693599744,0.005490570329129696,1,-0.001577144372276962,1,0.01018778793513775,1
02/11/26 22:45:14.793579520,0.004713325295597315,1,0.002792802173644304,1,0.01691731810569763,1
02/11/26 22:45:14.893549568,0.01327612437307835,1,-0.002455670619383454,1,0.009171695448458195,1
02/11/26 22:45:14.993599744,0.005936022847890854,1,0.001701229833997786,1,0.01045476924628019,1
02/11/26 22:45:15.093581312,0.0017929618479684,1,-0.002058301586657763,1,0.0141588756814599,1
02/11/26 22:45:15.193550848,0.008889606222510338,1,-0.002381783677265048,1,0.01443790085613728,1
02/11/26 22:45:15.293599488,0.007527723908424377,1,0.001313115819357336,1,0.01032430678606033,1
02/11/26 22:45:15.393579776,0.002503397641703486,1,-0.001146179623901844,1,0.01233634259551764,1
02/11/26 22:45:15.493549312,0.001324239419773221,1,-0.001675336854532361,1,0.005185475572943687,1
02/11/26 22:45:15.593597440,0.01059138216078281,1,0.001077717519365251,1,0.00774792954325676,1
02/11/26 22:45:15.693575680,0.01439015753567219,1,-0.001382421585731208,1,0.01161659695208073,1
02/11/26 22:45:15.793543680,0.006650131661444902,1,-0.00353364902548492,1,0.008279490284621716,1
02/11/26 22:45:15.893590528,0.002993087749928236,1,-0.003343335818499327,1,0.01029050443321466,1
02/11/26 22:45:15.993568256,0.008761008270084858,1,0.00493391789495945,1,0.01350690517574549,1
02/11/26 22:45:16.093535232,0.01282785274088383,1,-0.003605281235650182,1,0.01469009276479483,1
02/11/26 22:45:16.193581824,0.005918770097196102,1,-0.001584262703545392,1,0.008423499763011932,1
02/11/26 22:45:16.293559808,0.001990152755752206,1,-0.003218027064576745,1,0.006614484824240208,1
02/11/26 22:45:16.393526016,0.01253020949661732,1,-0.001687002135440707,1,0.01137553248554468,1
02/11/26 22:45:16.493575424,0.004548832774162292,1,-0.00366124464198947,1,0.01280102506279945,1
02/11/26 22:45:16.593557504,-0.00115031807217747,1,-0.001844926038756967,1,0.009461742825806141,1
02/11/26 22:45:16.693523200,0.001001880271360278,1,-0.001284289173781872,1,0.008883446455001831,1
02/11/26 22:45:16.793572352,0.009202963672578335,1,-0.001276875264011323,1,0.01377262454479933,1
02/11/26 22:45:16.893554176,0.01176689192652702,1,0.0002058991813100874,1,0.01356786862015724,1
02/11/26 22:45:16.993518592,0.005233131349086761,1,-0.002453283872455359,1,0.009507476352155209,1
02/11/26 22:45:17.093567488,0.005200210027396679,1,0.002242436865344644,1,0.008070638403296471,1
02/11/26 22:45:17.193549056,0.01183366402983665,1,0.001652228413149714,1,0.01160765439271927,1
02/11/26 22:45:17.293512704,0.01369549334049225,1,-0.001530243316665292,1,0.01060211379081011,1
02/11/26 22:45:17.393559808,0.001353157567791641,1,-0.000396267423639074,1,0.008561555296182632,1
02/11/26 22:45:17.493541120,0.007823171094059944,1,0.005236827302724123,1,0.01078653801232576,1
02/11/26 22:45:17.593504768,0.009646921418607235,1,0.002839962253347039,1,0.01299923658370972,1
02/11/26 22:45:17.693551104,0.009884336031973362,1,0.002007384784519672,1,0.008211542852222919,1
02/11/26 22:45:17.793530624,-0.0007335508707910776,1,-0.004308255389332771,1,0.001882608979940414,1
02/11/26 22:45:17.893495552,0.008794471621513367,1,-0.007717315107584,1,0.009084644727408886,1
02/11/26 22:45:17.993542144,0.005164816044270992,1,-6.13651645835489e-05,1,0.01366952061653137,1
02/11/26 22:45:18.093524992,0.002361658029258251,1,-0.001969885546714067,1,0.005498346872627735,1
02/11/26 22:45:18.193497600,0.004240413196384907,1,-0.003900340292602777,1,0.007830300368368626,1
02/11/26 22:45:18.293550080,-0.0006448480999097228,1,-0.002181774005293846,1,0.008631117641925812,1
02/11/26 22:45:18.393531392,0.01156947575509548,1,0.002120696939527988,1,0.01193872094154358,1
02/11/26 22:45:18.493502976,0.01170537620782852,1,-0.002860863693058491,1,0.009525052271783352,1
02/11/26 22:45:18.593555200,0.007187819108366966,1,-0.001438210252672434,1,0.01359379850327969,1
02/11/26 22:45:18.693536000,-0.00165549642406404,1,-0.004474364686757326,1,0.009896880947053432,1
02/11/26 22:45:18.793507072,0.009642062708735466,1,-0.0002867394941858947,1,0.01238495390862226,1
02/11/26 22:45:18.893558528,0.006165039259940386,1,0.0002624639309942722,1,0.01327304821461439,1
02/11/26 22:45:18.993541632,0.004251624457538128,1,0.0007516632322221994,1,0.003669586963951588,1
02/11/26 22:45:19.093511936,0.00479844119399786,1,-0.003977878950536251,1,0.006298930384218693,1
02/11/26 22:45:19.193563392,0.004180987365543842,1,-0.00112525187432766,1,0.01446750108152628,1
02/11/26 22:45:19.293544960,0.01028251461684704,1,-0.005729624070227146,1,0.01311899535357952,1
02/11/26 22:45:19.393515008,0.004086793400347233,1,-0.0009246580302715302,1,0.005373702850192785,1
02/11/26 22:45:19.493565952,-0.0008787510450929403,1,0.0001994838530663401,1,0.007643460761755705,1
02/11/26 22:45:19.593547008,0.01337296701967716,1,0.003891899017617106,1,0.01300615537911654,1
02/11/26 22:45:19.693515776,0.01595437899231911,1,0.0001946331467479467,1,0.01668806001543999,1
02/11/26 22:45:19.793565696,-0.04214136675000191,1,-0.003046424128115177,1,-0.009345058351755142,1
02/11/26 22:45:19.893544704,0.003388391574844718,1,-0.000230543126235716,1,-0.009636267088353634,1
02/11/26 22:45:19.993513472,0.01100715436041355,1,-0.00245401356369257,1,0.01704435423016548,1
02/11/26 22:45:20.093563136,0.02279867418110371,1,0.003371105995029211,1,0.02738891169428825,1
02/11/26 22:45:20.193541632,0.0141508998349309,1,-0.001647789729759097,1,0.01650543138384819,1
02/11/26 22:45:20.293510144,-0.001198305166326463,1,-0.001905951765365899,1,-0.001149484771303833,1
02/11/26 22:45:20.393557504,0.004046338610351086,1,-0.0003696258063428104,1,0.006886990740895271,1
02/11/26 22:45:20.493535744,-0.02725569345057011,1,0.003561306046321988,1,0.02476312778890133,1
02/11/26 22:45:20.593502720,0.02121486328542233,1,-0.002392483409494162,1,0.0004000146873295307,1
02/11/26 22:45:20.693549824,-0.0001653338258620352,1,-0.001950974576175213,1,0.01204533036798239,1
02/11/26 22:45:20.793526272,0.006848862394690514,1,-0.0009105621138587594,1,0.0194966085255146,1
02/11/26 22:45:20.893493760,0.005898467730730772,1,-0.001818917458876967,1,0.02802089601755142,1
02/11/26 22:45:20.993544448,0.00468661542981863,1,0.004611965268850327,1,-0.005389291793107986,1
02/11/26 22:45:21.093527040,0.003587575862184167,1,-0.004509652964770794,1,0.007015816867351532,1
02/11/26 22:45:21.193492736,0.001928352168761194,1,-0.002723722252994776,1,0.007685045711696148,1
02/11/26 22:45:21.293542656,0.01454497128725052,1,-0.001324819400906563,1,0.01368839759379625,1
02/11/26 22:45:21.393525760,-0.0001806630752980709,1,-0.003782974788919091,1,0.01384502183645964,1
02/11/26 22:45:21.493489408,-0.000865028821863234,1,-0.002286665141582489,1,0.01057872362434864,1
02/11/26 22:45:21.593540352,0.01034200005233288,1,-0.0005099405534565449,1,0.005812081042677164,1
02/11/26 22:45:21.693525504,0.01361191272735596,1,-0.001671481062658131,1,0.01134786661714315,1
02/11/26 22:45:21.793489920,0.004635127261281013,1,-0.006488402374088764,1,0.01343184057623148,1
02/11/26 22:45:21.893537792,0.008771640248596668,1,-0.002382931299507618,1,0.008491581305861473,1
02/11/26 22:45:21.993519360,0.01292655616998672,1,-0.003694277722388506,1,0.01161503326147795,1
02/11/26 22:45:22.093483520,0.009593631140887737,1,-0.003095612628385425,1,-0.00151549989823252,1
02/11/26 22:45:22.193531136,0.005159982014447451,1,-0.0005419035442173481,1,0.01485686656087637,1
02/11/26 22:45:22.293521408,0.006015360355377197,1,0.001010221312753856,1,0.005151017103344202,1
02/11/26 22:45:22.393536512,0.003858437296003103,1,0.007064791396260262,1,0.006841656751930714,1
02/11/26 22:45:22.493583616,0.01320408005267382,1,0.0003976691805291921,1,0.01163829583674669,1
02/11/26 22:45:22.593564928,0.01101288571953773,1,-0.007795335259288549,1,0.008331154473125935,1
02/11/26 22:45:22.693533696,0.002620547544211149,1,-0.001620118040591478,1,0.009697850793600082,1
02/11/26 22:45:22.793586944,0.01241883635520935,1,-0.004465465433895588,1,0.00871780700981617,1
02/11/26 22:45:22.893568512,0.004691676236689091,1,-0.005209665279835463,1,0.005388933233916759,1
02/11/26 22:45:22.993539840,0.007598456926643848,1,-0.003608818631619215,1,0.0172608457505703,1
02/11/26 22:45:23.093590784,0.006898432970046997,1,0.002015018835663795,1,0.003422570414841175,1
02/11/26 22:45:23.193571328,0.0008092925418168306,1,-0.002799498848617077,1,0.01133536733686924,1
02/11/26 22:45:23.293543680,0.0130492877215147,1,-0.00392528111115098,1,0.01847720891237259,1
02/11/26 22:45:23.393593600,0.01281765382736921,1,-0.01431622635573149,1,0.01287263724952936,1
02/11/26 22:45:23.493575936,0.01600672677159309,1,-0.004517247434705496,1,0.01960076205432415,1
02/11/26 22:45:23.593546240,0.01094225514680147,1,-0.005677652545273304,1,0.002570198383182287,1
02/11/26 22:45:23.693597952,0.008007499389350414,1,-0.003701923880726099,1,0.01532034762203693,1
02/11/26 22:45:23.793577216,0.01237483881413937,1,0.002886882750317454,1,0.007121246308088303,1
02/11/26 22:45:23.893547264,-0.002679272787645459,1,-0.005701446905732155,1,0.00261840270832181,1
02/11/26 22:45:23.993597952,-0.001538179349154234,1,0.001186653738841414,1,0.001752570038661361,1
02/11/26 22:45:24.093579008,0.007690927479416132,1,-0.003537784330546856,1,0.02090327814221382,1
02/11/26 22:45:24.193547776,0.02436230517923832,1,-0.006247685290873051,1,0.003813408315181732,1
02/11/26 22:45:24.293596160,0.006445109844207764,1,-0.002341310260817409,1,-0.008722915314137936,1
02/11/26 22:45:24.393574656,-0.001044369186274707,1,0.001182164065539837,1,0.01965207979083061,1
02/11/26 22:45:24.493541376,0.01451229490339756,1,-0.001480865175835788,1,0.01982033252716064,1
02/11/26 22:45:24.593589504,0.0003184850793331861,1,-0.0003547754604369402,1,-0.001496206503361464,1
02/11/26 22:45:24.693566208,0.00570308230817318,1,0.001229524845257401,1,0.001939661451615393,1
02/11/26 22:45:24.793534720,-0.0006578894099220634,1,-0.003107767086476088,1,-0.007306958548724651,1
02/11/26 22:45:24.893581824,0.005744685418903828,1,0.009244440123438835,1,0.02312869392335415,1
02/11/26 22:45:24.993558016,0.01728098466992378,1,-0.002986104926094413,1,-0.001744392327964306,1
02/11/26 22:45:25.093524736,0.006952410098165274,1,-0.004881487693637609,1,0.009526529349386692,1
02/11/26 22:45:25.193571328,0.002780573675408959,1,0.0007921577780507505,1,0.009710030630230904,1
02/11/26 22:45:25.293548544,0.004759125877171755,1,-0.002704539569094777,1,-0.002138242358341813,1
02/11/26 22:45:25.393515264,0.01296704635024071,1,0.007004204206168652,1,0.0145282382145524,1
02/11/26 22:45:25.493561600,0.006664413493126631,1,0.004352332558482885,1,0.001201884122565389,1
02/11/26 22:45:25.593536000,0.0030666075181216,1,3.847246989607811e-05,1,0.01702640391886234,1
02/11/26 22:45:25.693504256,0.005736920982599258,1,0.001502864062786102,1,-0.0002062514540739357,1
02/11/26 22:45:25.793554176,0.009743326343595982,1,-0.004870428238064051,1,0.006795161403715611,1
02/11/26 22:45:25.893534464,0.002702183090150356,1,-0.001294892746955156,1,0.01602309569716454,1
02/11/26 22:45:25.993499392,0.003541219513863325,1,-0.00669913413003087,1,0.00915693212300539,1
02/11/26 22:45:26.093548032,0.01203738339245319,1,-0.004752361681312323,1,0.003732680343091488,1
02/11/26 22:45:26.193529344,0.01195762772113085,1,0.0004495992325246334,1,0.009302493184804916,1
02/11/26 22:45:26.293493248,0.01156267151236534,1,0.003684731433168054,1,0.001528116525150836,1
02/11/26 22:45:26.393541632,0.004090559203177691,1,0.0004194495268166065,1,0.01630427315831184,1
02/11/26 22:45:26.493522176,0.001132636563852429,1,-0.0005426459247246385,1,-0.001842293655499816,1
02/11/26 22:45:26.593484288,0.003472218755632639,1,-0.003785046748816967,1,0.02273942157626152,1
02/11/26 22:45:26.693530624,0.009279686957597733,1,0.0007041807402856648,1,-0.006568788550794125,1
02/11/26 22:45:26.793510144,0.007077115587890148,1,-0.00135512463748455,1,0.01335119642317295,1
02/11/26 22:45:26.893474560,0.001754735829308629,1,0.004843498114496469,1,0.002677330514416099,1
02/11/26 22:45:26.993520128,0.003260894911363721,1,-0.00266149640083313,1,0.0250108614563942,1
02/11/26 22:45:27.093499136,0.009531164541840553,1,-0.001675237319432199,1,0.0006107713561505079,1
02/11/26 22:45:27.193464832,0.004737872630357742,1,0.002241251291707158,1,0.002924000611528754,1
02/11/26 22:45:27.293510144,0.004934622906148434,1,-0.005613900255411863,1,0.006146016530692577,1
02/11/26 22:45:27.393489408,0.001194090466015041,1,-2.924475120380521e-05,1,0.004184621851891279,1
02/11/26 22:45:27.493452800,0.005708888173103333,1,0.005976160056889057,1,0.005959429312497377,1
02/11/26 22:45:27.593501184,0.01471747271716595,1,-0.002322414889931679,1,0.00963906291872263,1
02/11/26 22:45:27.693480448,0.005463272798806429,1,-0.001490655355155468,1,0.003739995649084449,1
02/11/26 22:45:27.793444864,-0.001635988242924213,1,-0.003725200891494751,1,0.0004550198209472001,1
02/11/26 22:45:27.893498368,0.006252425257116556,1,-0.0002197923604398966,1,0.006286823190748692,1
02/11/26 22:45:27.993483776,0.01672338321805,1,-0.007338306400924921,1,0.01151594799011946,1
02/11/26 22:45:28.093456640,0.004509196616709232,1,-0.002330237068235874,1,0.005209238268435001,1
02/11/26 22:45:28.193508608,0.008625729009509087,1,-0.002621785504743457,1,5.006336141377687e-05,1
02/11/26 22:45:28.293492480,-0.001602809876203537,1,-0.004797637462615967,1,0.006346579641103745,1
02/11/26 22:45:28.393465600,0.0112032238394022,1,-5.719554610550404e-05,1,0.006755567621439695,1
02/11/26 22:45:28.493520128,0.008906003087759018,1,0.001696746796369553,1,0.004331360571086407,1
02/11/26 22:45:28.593503232,0.001130650751292706,1,0.001536895520985126,1,0.003682242706418037,1
02/11/26 22:45:28.693475072,-0.0007143354741856456,1,0.003776079509407282,1,0.0146890701726079,1
02/11/26 22:45:28.793527040,0.02177594788372517,1,-0.001461660955101252,1,0.003472077660262585,1
02/11/26 22:45:28.893508096,0.002634034492075443,1,0.004060148261487484,1,0.004888556897640228,1
02/11/26 22:45:28.993477376,0.002517854329198599,1,0.001626351498998702,1,0.001652761362493038,1
02/11/26 22:45:29.093527296,0.00872363243252039,1,0.003267784835770726,1,0.005697259213775396,1
02/11/26 22:45:29.193507584,0.006567394826561213,1,0.003300871700048447,1,0.003853903152048588,1
02/11/26 22:45:29.293476864,0.009429511614143848,1,-0.007268811110407114,1,0.004804668948054314,1
02/11/26 22:45:29.393525248,0.0004565213166642934,1,0.001110761426389217,1,0.006608110852539539,1
02/11/26 22:45:29.493503744,0.007414879743009806,1,-0.003453050274401903,1,-0.001702629728242755,1
02/11/26 22:45:29.593472512,0.003149811644107103,1,0.008230405859649181,1,0.01347275730222464,1
02/11/26 22:45:29.693519872,0.01099937409162521,1,-0.003372652688995004,1,-0.006728488951921463,1
02/11/26 22:45:29.793497344,0.0008740720804780722,1,-0.002953525399789214,1,0.009762758389115334,1
02/11/26 22:45:29.893469696,0.007279650308191776,1,-0.003996666986495256,1,-0.0009902174351736903,1
02/11/26 22:45:29.993517056,0.01016594190150499,1,0.0006953008123673499,1,0.01278221048414707,1
02/11/26 22:45:30.093493760,0.0144480112940073,1,0.0005048008169978857,1,0.0006642056396231055,1
02/11/26 22:45:30.193460224,-0.005089256446808577,1,-0.0048321932554245,1,0.001465850858949125,1
02/11/26 22:45:30.293508864,0.007302239071577787,1,-0.001750875730067492,1,-0.00444745272397995,1
02/11/26 22:45:30.393489664,0.006437052972614765,1,0.002041309839114547,1,0.009952367283403873,1
02/11/26 22:45:30.493457664,0.004052274860441685,1,-0.003155288752168417,1,-0.001933122985064983,1
02/11/26 22:45:30.593507584,0.002337070181965828,1,-0.001091614365577698,1,0.008646962232887745,1
02/11/26 22:45:30.693491200,-0.004874113481491804,1,-0.009003371000289917,1,0.002155234105885029,1
02/11/26 22:45:30.793455360,-0.003816024400293827,1,0.0005288496613502502,1,0.01571176387369633,1
02/11/26 22:45:30.893505280,0.01988058350980282,1,-4.054210148751736e-05,1,0.01387444231659174,1
02/11/26 22:45:30.993488384,0.004307031631469727,1,-0.001557606970891356,1,0.003647890407592058,1
02/11/26 22:45:31.093452544,0.008876397274434566,1,3.090518293902278e-05,1,-0.001609639613889158,1
02/11/26 22:45:31.193501952,0.002854509279131889,1,-0.005919545888900757,1,0.01457773987203836,1
02/11/26 22:45:31.293482240,0.01400797627866268,1,0.00472206762060523,1,0.001454214681871235,1
02/11/26 22:45:31.393447936,0.00666350219398737,1,0.001949813216924667,1,0.002561785047873855,1
02/11/26 22:45:31.493495552,-0.007708284072577953,1,-0.005404605064541101,1,0.001746874884702265,1
02/11/26 22:45:31.593476096,0.009767507202923298,1,-0.002797773340716958,1,0.002863839268684387,1
02/11/26 22:45:31.693441536,0.02193533629179001,1,-0.000841548724565655,1,0.004294658545404673,1
02/11/26 22:45:31.793487872,0.00530613586306572,1,0.001100494293496013,1,0.001498164259828627,1
02/11/26 22:45:31.893466880,-0.01081336382776499,1,-0.005943907890468836,1,0.008553172461688519,1
02/11/26 22:45:31.993430528,0.009736314415931702,1,0.003715602215379477,1,0.01458196807652712,1
02/11/26 22:45:32.093477376,0.0007314117392525077,1,-0.002367545152083039,1,0.006818935740739107,1
02/11/26 22:45:32.193456640,0.009856656193733215,1,0.002938761143013835,1,0.0075887655839324,1
02/11/26 22:45:32.293418496,0.005332996137440205,1,0.0005211848765611649,1,0.003657686989754438,1
02/11/26 22:45:32.393465344,0.005496387369930744,1,-0.0009691163431853056,1,-0.002548339776694775,1
02/11/26 22:45:32.493448960,0.01596041955053806,1,0.005606239661574364,1,0.004560635890811682,1
02/11/26 22:45:32.593420544,0.0104377456009388,1,-0.004864184651523829,1,0.03085608594119549,1
02/11/26 22:45:32.693473536,0.001918003079481423,1,-0.002560992492362857,1,0.01975975558161736,1
02/11/26 22:45:32.793456384,0.005320639349520206,1,-0.001945577561855316,1,0.006129179615527391,1
02/11/26 22:45:32.893427456,0.01165818702429533,1,-0.005308699328452349,1,0.003315598238259554,1
02/11/26 22:45:32.993479424,0.005807060748338699,1,-0.005924730096012354,1,-0.0008383491076529026,1
02/11/26 22:45:33.093460992,0.005172993987798691,1,-0.004447745624929667,1,-0.001650664024055004,1
02/11/26 22:45:33.193431296,-0.00313635915517807,1,-0.001617575879208744,1,-0.008665867149829865,1
02/11/26 22:45:33.293483008,-0.009919516742229462,1,-0.002284841611981392,1,-0.01125598046928644,1
02/11/26 22:45:33.393463296,0.01128509361296892,1,-0.001686259871348739,1,0.01010014582425356,1
02/11/26 22:45:33.493433344,0.02441740408539772,1,0.001138600986450911,1,0.00139997573569417,1
02/11/26 22:45:33.593483008,0.008764307014644146,1,-0.006411116104573011,1,0.008176806382834911,1
02/11/26 22:45:33.693463040,0.01559300534427166,1,-0.001933949766680598,1,-0.00741314422339201,1
02/11/26 22:45:33.793434112,0.0115650836378336,1,0.002433964284136891,1,-0.0002625616616569459,1
02/11/26 22:45:33.893482752,0.0149391433224082,1,0.00367206591181457,1,-0.01518219243735075,1
02/11/26 22:45:33.993462016,0.007966536097228527,1,-0.00179194041993469,1,0.01458548381924629,1
02/11/26 22:45:34.093432064,-0.001216820906847715,1,-0.002265573712065816,1,0.007939968258142471,1
02/11/26 22:45:34.193480704,0.02197135239839554,1,0.000794209772720933,1,0.01373956445604563,1
02/11/26 22:45:34.293460736,0.0338834747672081,1,-0.005952389445155859,1,0.006832186132669449,1
02/11/26 22:45:34.393429504,0.001381719717755914,1,0.002758447546511889,1,0.001454010605812073,1
02/11/26 22:45:34.493477888,0.007368548773229122,1,0.006016850471496582,1,0.02488523721694946,1
02/11/26 22:45:34.593455104,0.01647507026791573,1,0.0006901051383465528,1,0.004469130653887987,1
02/11/26 22:45:34.693422592,0.01632742397487164,1,-0.000126692233607173,1,0.007174974773079157,1
02/11/26 22:45:34.793470208,-0.004260923247784376,1,-0.003005042904987931,1,-0.002132314722985029,1
02/11/26 22:45:34.893447936,0.006132298149168491,1,-0.004754913505166769,1,0.003544430015608668,1
02/11/26 22:45:34.993414400,0.0198527853935957,1,0.0001745427725836635,1,0.009164387360215187,1
02/11/26 22:45:35.093463296,0.01300149131566286,1,-0.002986576408147812,1,0.01572125405073166,1
02/11/26 22:45:35.193444096,-8.101365529000759e-05,1,0.00077517592580989,1,0.007935076020658016,1
02/11/26 22:45:35.293410304,-0.001318654860369861,1,-0.0003810918424278498,1,0.0006864299066364765,1
02/11/26 22:45:35.393461504,0.01077564992010593,1,-4.698455450125039e-05,1,0.002151376567780972,1
02/11/26 22:45:35.493450240,0.01273638289421797,1,-0.003161287866532803,1,0.007716446183621883,1
02/11/26 22:45:35.593414400,-0.002433218993246555,1,-0.003298226976767182,1,0.004973805509507656,1
02/11/26 22:45:35.693464320,-0.008676604367792606,1,-0.003926167264580727,1,-0.002351901028305292,1
02/11/26 22:45:35.793446400,0.01349529717117548,1,-0.001058662193827331,1,0.005357837770134211,1
02/11/26 22:45:35.893414400,0.01671169698238373,1,0.003255920950323343,1,0.01216977462172508,1
02/11/26 22:45:35.993463040,0.009198901243507862,1,-0.002207278273999691,1,0.008354119025170803,1
02/11/26 22:45:36.093445376,-0.0002072509378194809,1,0.004680583253502846,1,0.003473772900179029,1
02/11/26 22:45:36.193413120,0.008568688295781612,1,0.00637319590896368,1,-0.0106253819540143,1
02/11/26 22:45:36.293474048,0.02769074589014053,1,-0.0004887395771220326,1,0.004559226334095001,1
02/11/26 22:45:36.393454848,-0.000627927714958787,1,0.00211184099316597,1,-0.004220762755721807,1
02/11/26 22:45:36.493419264,-0.0007013058639131486,1,-0.001525919651612639,1,0.009617844596505165,1
02/11/26 22:45:36.593466880,0.007322368677705526,1,-0.002050622366368771,1,0.004446114413440228,1
02/11/26 22:45:36.693444864,0.009298859164118767,1,-0.00110513623803854,1,0.008179678581655025,1
02/11/26 22:45:36.793410560,0.005629451014101505,1,-0.0009661407093517482,1,0.005368761718273163,1
02/11/26 22:45:36.893460480,0.003720323089510202,1,-0.003033178392797709,1,0.00607598340138793,1
02/11/26 22:45:36.993440512,0.009404657408595085,1,0.0003882101736962795,1,-0.0003162942593917251,1
02/11/26 22:45:37.093407232,0.01659739762544632,1,-0.00253357645124197,1,0.0155557207763195,1
02/11/26 22:45:37.193459968,0.002493110951036215,1,0.0004156549111939967,1,0.004588987678289413,1
02/11/26 22:45:37.293442048,0.0003124451613985002,1,0.004854183178395033,1,0.00392969511449337,1
02/11/26 22:45:37.393412864,0.008535223081707954,1,3.392953658476472e-05,1,0.005470273084938526,1
02/11/26 22:45:37.493465344,0.009800061583518982,1,0.001962562091648579,1,0.002585991751402617,1
02/11/26 22:45:37.593447168,0.01294817961752415,1,-0.006505569443106651,1,0.002731485525146127,1
02/11/26 22:45:37.693417728,0.004360607359558344,1,-0.002141111996024847,1,0.007426707074046135,1
02/11/26 22:45:37.793469696,0.007805012166500092,1,0.003245263360440731,1,0.007398588582873344,1
02/11/26 22:45:37.893451264,0.01135705597698689,1,0.0008022771216928959,1,0.007147139869630337,1
02/11/26 22:45:37.993420288,0.01124833431094885,1,0.007642481941729784,1,0.008548365905880928,1
02/11/26 22:45:38.093470976,-0.0009233523160219193,1,0.0007170132594183087,1,0.003511754563078284,1
02/11/26 22:45:38.193451264,0.007520539686083794,1,-0.002320886356756091,1,0.001493720221333206,1
02/11/26 22:45:38.293421568,0.0144036803394556,1,0.003557727206498384,1,0.01036532782018185,1
02/11/26 22:45:38.393470464,0.008898042142391205,1,0.004304141737520695,1,0.004059520550072193,1
02/11/26 22:45:38.493448448,0.005822003353387117,1,-0.001867100363597274,1,0.006014990620315075,1
02/11/26 22:45:38.593417216,0.00738217867910862,1,-0.0007796250283718109,1,0.002192597603425384,1
02/11/26 22:45:38.693465088,0.01131345704197884,1,-0.006742706056684256,1,0.00829946156591177,1
02/11/26 22:45:38.793442560,0.01111685391515493,1,0.000999402953311801,1,0.00418939720839262,1
02/11/26 22:45:38.893411840,0.008440908044576645,1,6.88361469656229e-05,1,0.004645891487598419,1
02/11/26 22:45:38.993459712,0.007267933338880539,1,0.002918896498158574,1,0.008400559425354004,1
02/11/26 22:45:39.093437952,0.005166913848370314,1,-0.0002908355090767145,1,0.00317184254527092,1
02/11/26 22:45:39.193406464,0.01505014020949602,1,0.0005595980910584331,1,0.006948628462851048,1
02/11/26 22:45:39.293454336,0.007750310469418764,1,0.0008974664378911257,1,0.005405813455581665,1
02/11/26 22:45:39.393432064,0.003391359932720661,1,-0.0002851320896297693,1,0.01050443667918444,1
02/11/26 22:45:39.493401344,0.0107119819149375,1,0.005847095511853695,1,0.007333383895456791,1
02/11/26 22:45:39.593449472,0.005465448834002018,1,0.001284766709432006,1,0.009848290123045444,1
02/11/26 22:45:39.693427712,0.003744257614016533,1,0.00519920326769352,1,0.001816405798308551,1
02/11/26 22:45:39.793395456,0.003584448946639895,1,-0.002750611864030361,1,0.006710836198180914,1
02/11/26 22:45:39.893443072,0.01202224660664797,1,-0.002846430754289031,1,0.004126852378249168,1
02/11/26 22:45:39.993421824,0.00956351961940527,1,-0.003024729900062084,1,0.003368351142853498,1
02/11/26 22:45:40.093386496,0.006962989922612906,1,-0.001082101836800575,1,0.007423795759677887,1
02/11/26 22:45:40.193435392,0.003321620635688305,1,-0.0006428560009226203,1,0.004299200139939785,1
02/11/26 22:45:40.293417984,0.007340962532907724,1,-0.0002337938640266657,1,0.005512451753020287,1
02/11/26 22:45:40.393384448,0.01206705998629332,1,-0.001042520860210061,1,0.005938370246440172,1
02/11/26 22:45:40.493432064,0.01203055959194899,1,-0.004103295970708132,1,0.007571201771497726,1
02/11/26 22:45:40.593413120,0.007334107998758554,1,-0.002479640301316977,1,0.00929632131010294,1
02/11/26 22:45:40.693378304,-0.003464548382908106,1,0.0009839576669037342,1,-0.01134096272289753,1
02/11/26 22:45:40.793424896,0.01217651274055243,1,0.001879925257526338,1,0.008841859176754951,1
02/11/26 22:45:40.893404416,0.003317517694085836,1,-0.002027844311669469,1,0.0007382356561720371,1
02/11/26 22:45:40.993375488,0.0005214689299464226,1,-0.0007077465998008847,1,0.003255244344472885,1
02/11/26 22:45:41.093421568,0.0007491214200854301,1,-0.004338787868618965,1,0.00250274408608675,1
02/11/26 22:45:41.193401344,0.01048266515135765,1,-0.0005018390947952867,1,0.007813734002411366,1
02/11/26 22:45:41.293364736,0.008610629476606846,1,-0.0008121685241349041,1,0.007295779883861542,1
02/11/26 22:45:41.393413120,-0.004045115783810616,1,6.904456677148119e-05,1,0.005497858859598637,1
02/11/26 22:45:41.493395712,0.005459021776914597,1,0.004756911657750607,1,0.008974908851087093,1
02/11/26 22:45:41.593358336,0.01484355516731739,1,0.001338089467026293,1,0.007912854664027691,1
02/11/26 22:45:41.693404672,0.01040434837341309,1,-0.004576797597110271,1,0.004463094752281904,1
02/11/26 22:45:41.793387776,0.004543519113212824,1,0.00124887190759182,1,0.004456861410290003,1
02/11/26 22:45:41.893361152,0.005874383263289928,1,-0.0008481346303597093,1,0.005876132287085056,1
02/11/26 22:45:41.993414400,0.01513336412608624,1,-0.004454575013369322,1,0.003252796828746796,1
02/11/26 22:45:42.093395968,0.01111707463860512,1,-0.002039330080151558,1,0.009511757642030716,1
02/11/26 22:45:42.193367296,0.007585698738694191,1,-0.0007331373635679483,1,0.002030826639384031,1
02/11/26 22:45:42.293418752,0.0005222548497840762,1,-0.0001343008480034769,1,0.002915639895945787,1
02/11/26 22:45:42.393399296,0.01183209288865328,1,-0.003946567885577679,1,0.007891654036939144,1
02/11/26 22:45:42.493368832,0.0115498136729002,1,-0.002080578124150634,1,0.006589049473404884,1
02/11/26 22:45:42.593419008,0.00506701460108161,1,-0.003408006858080626,1,0.0006622364744544029,1
02/11/26 22:45:42.693399040,0.00440385052934289,1,-0.004225934855639935,1,0.003381543792784214,1
02/11/26 22:45:42.793369856,0.01006225403398275,1,-0.001392295933328569,1,0.008836628869175911,1
02/11/26 22:45:42.893420288,0.005946936551481485,1,0.001906274119392037,1,0.008450801484286785,1
02/11/26 22:45:42.993401600,0.002543891314417124,1,-0.0009437064873054624,1,0.008539759553968906,1
02/11/26 22:45:43.093371648,-0.0008206485072150826,1,0.0007284642197191715,1,0.003861900884658098,1
02/11/26 22:45:43.193420800,0.007258063182234764,1,-0.001662460039369762,1,0.006610364653170109,1
02/11/26 22:45:43.293399296,0.01455527357757092,1,-0.0001006106904242188,1,0.005633005406707525,1
02/11/26 22:45:43.393369600,0.004355705343186855,1,0.0003029509680345654,1,0.002251063007861376,1
02/11/26 22:45:43.493417472,0.003509506583213806,1,-0.00400950200855732,1,-0.001435756217688322,1
02/11/26 22:45:43.593394176,0.001997400540858507,1,0.001133337384089828,1,0.004857383668422699,1
02/11/26 22:45:43.693362176,0.01041716150939465,1,-0.000725849939044565,1,0.003331130370497704,1
02/11/26 22:45:43.793411072,0.008325508795678616,1,-0.001399946515448391,1,0.009286817163228989,1
02/11/26 22:45:43.893389568,-0.0009110431419685483,1,-0.003658483969047666,1,0.001265577971935272,1
02/11/26 22:45:43.993356800,-0.0007011864800006151,1,0.001897676149383187,1,0.006399864796549082,1
02/11/26 22:45:44.093405696,0.01248088944703341,1,-0.0008279549656435847,1,0.005683054216206074,1
02/11/26 22:45:44.193384448,0.01351567171514034,1,-0.001778865698724985,1,0.003422266338020563,1
02/11/26 22:45:44.293350656,0.001758255762979388,1,-0.00362448045052588,1,0.00568557670339942,1
02/11/26 22:45:44.393398528,0.008207882754504681,1,-0.004756167531013489,1,0.001114523503929377,1
02/11/26 22:45:44.493377792,0.01009216066449881,1,0.0009084913181141019,1,0.008145206607878208,1
02/11/26 22:45:44.593344256,0.01151640992611647,1,-0.001344159827567637,1,0.004733930807560682,1
02/11/26 22:45:44.693391616,-0.000100855715572834,1,-0.003354559419676661,1,0.001897638663649559,1
02/11/26 22:45:44.793367040,0.007087951060384512,1,-0.001821112469770014,1,0.0004300204745959491,1
02/11/26 22:45:44.893334016,0.008481121622025967,1,-0.003449549432843924,1,0.007475209422409534,1
02/11/26 22:45:44.993382144,0.008346962742507458,1,0.00167220167350024,1,0.01067468244582415,1
02/11/26 22:45:45.093362688,0.003621129551902413,1,-0.0009901189478114247,1,-0.001712831435725093,1
02/11/26 22:45:45.193328896,-0.002488486003130674,1,-0.002021980006247759,1,-0.001143239554949105,1
02/11/26 22:45:45.293376768,0.01332505606114864,1,-0.002638140227645636,1,0.005398709792643785,1
02/11/26 22:45:45.393357056,0.01259196270257235,1,-0.0005086763412691653,1,0.008254990912973881,1
02/11/26 22:45:45.493322496,0.008339088410139084,1,0.0008266937220469117,1,0.003649794263765216,1
02/11/26 22:45:45.593371648,0.004914817865937948,1,0.0006369058392010629,1,0.007404220756143332,1
02/11/26 22:45:45.693352192,0.008617576211690903,1,-0.001003526500426233,1,0.006173032335937023,1
02/11/26 22:45:45.793316096,0.01307709887623787,1,-0.001539811957627535,1,0.002313676290214062,1
02/11/26 22:45:45.893364736,0.009314432740211487,1,0.0002805533586069942,1,0.002969643799588084,1
02/11/26 22:45:45.993345024,0.007339677773416042,1,-0.002074587624520063,1,0.006030984222888947,1
02/11/26 22:45:46.093307904,0.006960376631468534,1,-0.0003976803855039179,1,0.002920387545600533,1
02/11/26 22:45:46.193353984,0.01264102384448051,1,-0.004427754320204258,1,0.005829744506627321,1
02/11/26 22:45:46.293333760,0.006697299890220165,1,0.00123181042727083,1,0.009077340364456177,1
02/11/26 22:45:46.393297920,-0.004136376548558474,1,-0.0007477764738723636,1,0.0008122994913719594,1
02/11/26 22:45:46.493351168,0.003433011472225189,1,-0.0005911972839385271,1,0.002661666832864285,1
02/11/26 22:45:46.593332992,0.006547818891704082,1,-0.001936879940330982,1,0.00472461711615324,1
02/11/26 22:45:46.693306624,0.01126342825591564,1,0.002572849858552217,1,0.006879271008074284,1
02/11/26 22:45:46.793358848,0.006323854438960552,1,-0.0003131339326500893,1,0.003216717392206192,1
02/11/26 22:45:46.893341696,0.002447602339088917,1,-0.004662069492042065,1,0.002847574418410659,1
02/11/26 22:45:46.993314048,0.005560089368373156,1,0.004775014240294695,1,0.006963374093174934,1
02/11/26 22:45:47.093364992,0.01382473111152649,1,-0.0005589434877038002,1,0.007348492741584778,1
02/11/26 22:45:47.193345536,0.003067926038056612,1,-0.002073398325592279,1,0.005033860914409161,1
02/11/26 22:45:47.293317376,0.003528948407620192,1,-0.001666317111812532,1,0.005516510456800461,1
02/11/26 22:45:47.393367808,0.007655366789549589,1,0.004278798121958971,1,0.003555687144398689,1
02/11/26 22:45:47.493347072,0.01604581996798515,1,0.001428913092240691,1,0.00356316938996315,1
02/11/26 22:45:47.593319168,0.003748792223632336,1,-0.001773596275597811,1,0.005666366312652826,1
02/11/26 22:45:47.693368832,0.0008500635158270597,1,-0.002826003590598702,1,0.003562557278200984,1
02/11/26 22:45:47.793347840,0.0009370287880301476,1,-0.001172381220385432,1,0.005221917293965816,1
02/11/26 22:45:47.893317376,0.01345734298229218,1,0.001272657653316855,1,0.006714975461363792,1
02/11/26 22:45:47.993368064,0.009391691535711288,1,0.003086237702518702,1,0.005488286726176739,1
02/11/26 22:45:48.093345792,0.0017724575009197,1,0.004692154005169868,1,0.006252683233469725,1
02/11/26 22:45:48.193314304,0.006416089367121458,1,-0.005031032022088766,1,0.003196962643414736,1
02/11/26 22:45:48.293363712,0.01151870284229517,1,0.004516668152064085,1,0.002961325459182262,1
02/11/26 22:45:48.393343232,0.01143440883606672,1,-0.00558926910161972,1,0.006784615572541952,1
02/11/26 22:45:48.493311488,0.001862918259575963,1,-0.001877746195532382,1,0.0006719671655446291,1
02/11/26 22:45:48.593360128,-0.0009219239000231028,1,-0.00135093170683831,1,0.001382098416797817,1
02/11/26 22:45:48.693339136,0.01396323554217815,1,0.000364648352842778,1,0.00433935783803463,1
02/11/26 22:45:48.793308416,0.0136273130774498,1,0.000202399620320648,1,0.005130990874022245,1
02/11/26 22:45:48.893360896,0.006140594370663166,1,-0.003434467595070601,1,0.006990921217948198,1
02/11/26 22:45:48.993339136,-0.005556012038141489,1,-0.003847360843792558,1,0.00110654893796891,1
02/11/26 22:45:49.093306624,0.006228858605027199,1,-0.0007235881639644504,1,0.002552435733377934,1
02/11/26 22:45:49.193353728,0.007954312488436699,1,-0.002141916658729315,1,0.003259350545704365,1
02/11/26 22:45:49.293329408,0.008472025394439697,1,-0.006178193725645542,1,0.0008102422580122948,1
02/11/26 22:45:49.393295360,0.0002809917787089944,1,-0.005331601016223431,1,0.006712242029607296,1
02/11/26 22:45:49.493344512,0.002652994357049465,1,0.0001718476414680481,1,0.004574655555188656,1
02/11/26 22:45:49.593324800,0.008891794830560684,1,-0.006178712472319603,1,0.005792995914816856,1
02/11/26 22:45:49.693290752,0.01256423816084862,1,0.003535434603691101,1,0.004937438759952784,1
02/11/26 22:45:49.793339904,0.00150496861897409,1,-0.0008673337288200855,1,0.007904202677309513,1
02/11/26 22:45:49.893323520,0.004858029540628195,1,-0.003045581746846437,1,0.0106295607984066,1
02/11/26 22:45:49.993287936,0.005400859750807285,1,0.0003036080161109567,1,0.004549465607851744,1
02/11/26 22:45:50.093338112,0.01063670683652163,1,-0.002829528879374266,1,0.003030832391232252,1
02/11/26 22:45:50.193317632,0.01035877503454685,1,-0.005298408214002848,1,0.001491924514994025,1
02/11/26 22:45:50.293281792,0.00418314803391695,1,-0.006294838152825832,1,0.003039700910449028,1
02/11/26 22:45:50.393332736,0.00788385234773159,1,-0.002727710176259279,1,0.004833834711462259,1
02/11/26 22:45:50.493319936,0.0116864750161767,1,-0.0008959000115282834,1,0.009879442863166332,1
02/11/26 22:45:50.593282560,0.006426861509680748,1,-0.0009748110314831138,1,0.008626065216958523,1
02/11/26 22:45:50.693329664,0.003000009339302778,1,-0.001184837776236236,1,0.00244945241138339,1
02/11/26 22:45:50.793310976,0.004944384563714266,1,-0.004538137465715408,1,0.001656982814893126,1
02/11/26 22:45:50.893273088,0.01187414582818747,1,-0.001116472529247403,1,0.008032544516026974,1
02/11/26 22:45:50.993319936,0.008869250304996967,1,-0.003251430345699191,1,0.004780215211212635,1
02/11/26 22:45:51.093305856,-0.003347523510456085,1,0.000452820910140872,1,-0.000497296336106956,1
02/11/26 22:45:51.193286912,0.002226661890745163,1,-0.001205447129905224,1,0.003383619710803032,1
02/11/26 22:45:51.293338624,0.01461612246930599,1,0.003216274781152606,1,0.00538710318505764,1
02/11/26 22:45:51.393319936,0.006210216786712408,1,-0.002679181750863791,1,0.002729101572185755,1
02/11/26 22:45:51.493291264,0.005140506662428379,1,-0.00465855747461319,1,0.004148785024881363,1
02/11/26 22:45:51.593342976,0.002481455449014902,1,-0.006817148067057133,1,-0.001142748631536961,1
02/11/26 22:45:51.693323776,0.01252822298556566,1,-0.002642308361828327,1,0.001834586029872298,1
02/11/26 22:45:51.793294848,0.01705021969974041,1,0.001926173688843846,1,0.004508240148425102,1
02/11/26 22:45:51.893345024,0.009521766565740108,1,-0.001692944671958685,1,0.00281954207457602,1
02/11/26 22:45:51.993326336,0.005499078892171383,1,-0.004253936465829611,1,0.003963124938309193,1
02/11/26 22:45:52.093296896,0.007292595691978931,1,-0.004044829867780209,1,0.004064901731908321,1
02/11/26 22:45:52.193347328,0.01631942577660084,1,0.0009893486276268959,1,0.002387198386713862,1
02/11/26 22:45:52.293327616,0.008427562192082405,1,-0.003342226846143603,1,0.001584970857948065,1
02/11/26 22:45:52.393296384,0.002759679453447461,1,0.001900857081636786,1,0.001855859765782952,1
02/11/26 22:45:52.493347072,0.004162236116826534,1,-0.003680065972730517,1,0.007478088606148958,1
02/11/26 22:45:52.593325824,0.009461205452680588,1,0.002054691314697266,1,0.004478085320442915,1
02/11/26 22:45:52.693296128,0.005844317842274904,1,-0.0010328529169783,1,0.00302665401250124,1
02/11/26 22:45:52.793346560,0.007267066743224859,1,-0.00506539735943079,1,0.002235553227365017,1
02/11/26 22:45:52.893328640,0.004658793099224567,1,-0.006763783749192953,1,0.0004181484691798687,1
02/11/26 22:45:52.993295360,0.01274297758936882,1,1.737463753670454e-05,1,0.005249999463558197,1
02/11/26 22:45:53.093343744,0.008147662505507469,1,0.002987402258440852,1,0.003236614633351564,1
02/11/26 22:45:53.193327872,0.00391502259299159,1,-0.004939224105328321,1,0.0002940667909570038,1
02/11/26 22:45:53.293294336,-0.001247723354026675,1,-0.002656158292666078,1,0.001871946966275573,1
02/11/26 22:45:53.393342464,0.01180721260607243,1,0.000497236498631537,1,-2.430792665109038e-05,1
02/11/26 22:45:53.493322496,0.01442727912217379,1,-0.005527189001441002,1,0.008447292260825634,1
02/11/26 22:45:53.593289472,0.00346873071976006,1,-0.005910108797252178,1,0.0011512745404616,1
02/11/26 22:45:53.693337088,-0.002747556194663048,1,-0.003661912865936756,1,0.004703254904597998,1
02/11/26 22:45:53.793313280,0.004252683836966753,1,-0.00434222724288702,1,0.005115737207233906,1
02/11/26 22:45:53.893279232,0.01286854036152363,1,-0.002483943710103631,1,0.001966909738257527,1
02/11/26 22:45:53.993327872,0.008689043112099171,1,0.002372434828430414,1,0.00887693278491497,1
02/11/26 22:45:54.093309440,-0.0001577051589265466,1,-0.004772808868438005,1,0.0002243149210698903,1
02/11/26 22:45:54.193275648,0.008919075131416321,1,-0.003371690632775426,1,0.002098089084029198,1
02/11/26 22:45:54.293323008,0.01160676218569279,1,0.002855303231626749,1,0.008958824910223484,1
02/11/26 22:45:54.393302784,0.007452514953911304,1,-0.002135724294930696,1,0.003276532981544733,1
02/11/26 22:45:54.493269248,0.0007038377225399017,1,-0.003646320896223187,1,-0.002421436132863164,1
02/11/26 22:45:54.593318656,0.008538548834621906,1,-0.001512861577793956,1,0.001886757090687752,1
02/11/26 22:45:54.693300480,0.009810644201934338,1,0.005082387011498213,1,0.004423109814524651,1
02/11/26 22:45:54.793265408,0.008769197389483452,1,1.535611227154732e-05,1,0.00204230472445488,1
02/11/26 22:45:54.893315840,-0.001343580894172192,1,0.000564639107324183,1,0.002606466878205538,1
02/11/26 22:45:54.993297408,0.006272432394325733,1,-0.006306949537247419,1,0.001849472289904952,1
02/11/26 22:45:55.093260288,0.01110193412750959,1,0.0002195518463850021,1,-0.0004760893061757088,1
02/11/26 22:45:55.193307136,0.005119296256452799,1,0.002049971139058471,1,0.006838575936853886,1
02/11/26 22:45:55.293287680,0.006435120012611151,1,0.001656389911659062,1,0.002858199179172516,1
02/11/26 22:45:55.393251328,0.006829776801168919,1,-0.004963107872754335,1,-0.001810758491046727,1
02/11/26 22:45:55.493298176,0.01175236236304045,1,0.005088400561362505,1,0.006549020763486624,1
02/11/26 22:45:55.593279488,-0.01333322376012802,1,0.004166606813669205,1,-0.01621013507246971,1
02/11/26 22:45:55.693251584,0.01213995181024075,1,0.003178922459483147,1,-0.002296247519552708,1
02/11/26 22:45:55.793305088,0.005181094165891409,1,-0.01017450354993343,1,0.01932340674102306,1
02/11/26 22:45:55.893287936,0.002180605195462704,1,-0.005016917362809181,1,0.0006698467768728733,1
02/11/26 22:45:55.993260800,0.01619698479771614,1,-8.527108002454042e-05,1,0.0005968730547465384,1
02/11/26 22:45:56.093312768,0.004230121150612831,1,0.00289962044917047,1,0.002473674714565277,1
02/11/26 22:45:56.193293312,0.008545731194317341,1,0.001986455172300339,1,0.01236793026328087,1
02/11/26 22:45:56.293264384,-0.006558788940310478,1,-0.002027921145781875,1,0.008099991828203201,1
02/11/26 22:45:56.393317120,0.0111301327124238,1,-0.003313486929982901,1,-0.005415467079728842,1
02/11/26 22:45:56.493299712,0.007819154299795628,1,-0.0005540800048038363,1,-0.007850450463593006,1
02/11/26 22:45:56.593270016,0.01115229353308678,1,-0.006073620170354843,1,-0.005267158150672913,1
02/11/26 22:45:56.693319936,1.453119330108166e-05,1,-0.004594406578689814,1,-0.001927751349285245,1
02/11/26 22:45:56.793298688,0.02335047721862793,1,-0.002259992994368076,1,0.005497015547007322,1
02/11/26 22:45:56.893269248,0.007330316118896008,1,0.0006593826692551374,1,0.01011911686509848,1
02/11/26 22:45:56.993318912,0.00802447646856308,1,0.001628063851967454,1,-0.001039660768583417,1
02/11/26 22:45:57.093297408,-0.00016754399985075,1,-0.00370164611376822,1,0.001928425743244588,1
02/11/26 22:45:57.193266176,0.01567458920180798,1,0.002243682974949479,1,0.0005740714259445667,1
02/11/26 22:45:57.293318144,0.01947792619466782,1,-0.001060303533449769,1,0.001379758352413774,1
02/11/26 22:45:57.393302784,0.003696919418871403,1,-0.002256591338664293,1,0.004315759986639023,1
02/11/26 22:45:57.493270016,0.001942231319844723,1,-0.001058560563251376,1,-0.0001805754145607352,1
02/11/26 22:45:57.593317888,0.008161779493093491,1,-0.001302460790611804,1,0.002095954492688179,1
02/11/26 22:45:57.693296384,0.009017993696033955,1,-0.003492523683235049,1,4.063488449901342e-05,1
02/11/26 22:45:57.793262848,0.006235267966985703,1,-0.003197991289198399,1,-0.001088405726477504,1
02/11/26 22:45:57.893310720,0.002175059868022799,1,-0.004321270622313023,1,-0.003941600676625967,1
02/11/26 22:45:57.993288960,0.004601257853209972,1,-0.00269548362120986,1,-0.0009135847212746739,1
02/11/26 22:45:58.093255680,0.009422309696674347,1,-0.003643713658675551,1,-0.002233854960650206,1
02/11/26 22:45:58.193304064,0.006029273383319378,1,-0.0005731361452490091,1,-0.001179342623800039,1
02/11/26 22:45:58.293279744,0.0008529864717274904,1,-0.001606767065823078,1,0.005548082292079926,1
02/11/26 22:45:58.393246976,0.002585097216069698,1,-0.003334912937134504,1,-0.002580535598099232,1
02/11/26 22:45:58.493293312,0.009260410442948341,1,8.567143231630325e-05,1,-0.0008695465512573719,1
02/11/26 22:45:58.593269248,0.01319480873644352,1,0.001119703170843422,1,6.959100574022159e-05,1
02/11/26 22:45:58.693236480,0.01276369951665401,1,-0.003611093852669001,1,0.000102292513474822,1
02/11/26 22:45:58.793284864,0.002491309307515621,1,0.003045568708330393,1,-0.0003579843323677778,1
02/11/26 22:45:58.893266176,0.005977449007332325,1,0.00221952679567039,1,0.002497761277481914,1
02/11/26 22:45:58.993230592,0.01530822552740574,1,-0.001206352491863072,1,0.001544550876133144,1
02/11/26 22:45:59.093278720,0.006822203751653433,1,-0.005711115896701813,1,4.634590004570782e-05,1
02/11/26 22:45:59.193259776,0.002834157785400748,1,-0.002668129280209541,1,-0.004026129376143217,1
02/11/26 22:45:59.293224192,-0.04497425258159637,1,-0.02096462622284889,1,-0.01776360534131527,1
02/11/26 22:45:59.393272832,0.01432705856859684,1,0.003170596435666084,1,-0.004674472846090794,1
02/11/26 22:45:59.493253120,0.01627564616501331,1,-0.0001792402472347021,1,0.006886974442750216,1
02/11/26 22:45:59.593216512,0.000415437389165163,1,-0.002468214370310307,1,3.755290526896715e-05,1
02/11/26 22:45:59.693263872,-0.005885991267859936,1,-0.001548305037431419,1,0.004792333580553532,1
02/11/26 22:45:59.793243904,0.01125525310635567,1,0.0002541636349633336,1,-0.007446375675499439,1
02/11/26 22:45:59.893206528,0.009268304333090782,1,0.002483809133991599,1,0.001577053917571902,1
02/11/26 22:45:59.993252608,0.001648145262151957,1,-0.003079779911786318,1,-0.003479646518826485,1
02/11/26 22:46:00.093231360,0.001797206583432853,1,-0.005113362334668636,1,-0.001808794564567506,1
02/11/26 22:46:00.193194752,0.007417724467813969,1,-0.001130631426349282,1,-0.01288990024477243,1
02/11/26 22:46:00.293245440,0.001223472878336906,1,0.003755120094865561,1,0.003834858071058989,1
02/11/26 22:46:00.393227264,0.01379380747675896,1,0.004508025012910366,1,0.001554927439428866,1
02/11/26 22:46:00.493200640,0.000264736358076334,1,-0.005175056867301464,1,-0.01072612684220076,1
02/11/26 22:46:00.593252864,0.008261582814157009,1,-0.004327747970819473,1,-0.00116564950440079,1
02/11/26 22:46:00.693235712,0.009042407386004925,1,0.0002270212862640619,1,0.007838903926312923,1
02/11/26 22:46:00.793208576,-0.0002290292468387634,1,-0.002787214238196611,1,-0.002063416177406907,1
02/11/26 22:46:00.893259520,-0.0005602985620498657,1,-0.01089754793792963,1,-0.003307062666863203,1
02/11/26 22:46:00.993240576,0.003608901519328356,1,-0.005683119408786297,1,-0.003561964491382241,1
02/11/26 22:46:01.093211904,0.0118698924779892,1,0.0014911072794348,1,-0.0002517418179195374,1
02/11/26 22:46:01.193261312,0.005639907903969288,1,-0.002539734123274684,1,0.003598857903853059,1
02/11/26 22:46:01.293240576,-0.005337207578122616,1,0.000372051727026701,1,-0.003090621437877417,1
02/11/26 22:46:01.393211648,-0.0003310132888145745,1,-0.005077273584902287,1,0.0003230639849789441,1
02/11/26 22:46:01.493263104,0.01200033724308014,1,0.001771614188328385,1,0.004732919856905937,1
02/11/26 22:46:01.593242368,0.009086470119655132,1,0.00119640922639519,1,-0.0001698188716545701,1
02/11/26 22:46:01.693212160,0.006321645807474852,1,0.001111684134230018,1,0.001067176926881075,1
02/11/26 22:46:01.793261568,0.005673848092556,1,-0.0009945204947143793,1,-0.002800949849188328,1
02/11/26 22:46:01.893240064,0.006858136039227247,1,-0.007323326542973518,1,-0.004697999451309443,1
02/11/26 22:46:01.993207808,0.0168078038841486,1,0.004004583694040775,1,0.0006955661810934544,1
02/11/26 22:46:02.093257216,0.008718892931938171,1,-0.005784759297966957,1,-0.003132191486656666,1
02/11/26 22:46:02.193235712,-0.001845700084231794,1,-0.003156815888360143,1,-0.001112255034968257,1
02/11/26 22:46:02.293202176,0.005969171412289143,1,-0.002577362116426229,1,-0.003239768091589212,1
02/11/26 22:46:02.393250560,0.01886674575507641,1,0.004959273152053356,1,0.002250092104077339,1
02/11/26 22:46:02.493228288,0.01153737865388393,1,-0.0001364403869956732,1,-0.003634105436503887,1
02/11/26 22:46:02.593197312,-0.00398167734965682,1,-0.004233816638588905,1,0.0009182092035189271,1
02/11/26 22:46:02.693244928,0.002065995009616017,1,-0.003099325811490417,1,-0.001244926359504461,1
02/11/26 22:46:02.793223168,0.01272936165332794,1,-0.0003093277919106185,1,-0.001027589896693826,1
02/11/26 22:46:02.893189632,0.01678536832332611,1,-0.0006786520825698972,1,0.001628962578251958,1
02/11/26 22:46:02.993236480,0.001679988810792565,1,-0.003518452635034919,1,-0.004134511575102806,1
02/11/26 22:46:03.093213696,-0.002051575342193246,1,-0.002093127695843577,1,-0.001030996558256447,1
02/11/26 22:46:03.193180160,0.01479058433324099,1,-0.00440415320917964,1,0.001862084260210395,1
02/11/26 22:46:03.293228800,0.01517339702695608,1,-0.002253837417811155,1,-0.0009449880453757942,1
02/11/26 22:46:03.393210368,0.001427835784852505,1,-0.001624015625566244,1,-0.004204726312309504,1
02/11/26 22:46:03.493178624,0.002606200752779841,1,-0.002468462102115154,1,-0.005261429119855165,1
02/11/26 22:46:03.593230080,0.01101420819759369,1,0.00155413756147027,1,0.007277734577655792,1
02/11/26 22:46:03.693211904,0.01561028603464365,1,-0.001945161842741072,1,0.001816700561903417,1
02/11/26 22:46:03.793175808,0.01366159785538912,1,0.001854468020610511,1,-0.002200634917244315,1
02/11/26 22:46:03.893225728,0.01003787759691477,1,-0.004322013817727566,1,-0.006265835370868444,1
02/11/26 22:46:03.993208320,0.004084047395735979,1,-0.002265192102640867,1,-0.001344364834949374,1
02/11/26 22:46:04.093172224,0.01040259469300508,1,0.0004603934939950705,1,-0.002376652089878917,1
02/11/26 22:46:04.193221632,0.01158376596868038,1,0.001464250613935292,1,0.002870162948966026,1
02/11/26 22:46:04.293215232,0.005859373603016138,1,-0.0002817342756316066,1,-0.005764889530837536,1
02/11/26 22:46:04.393178624,0.002543641952797771,1,-0.01042549032717943,1,0.002227341290563345,1
02/11/26 22:46:04.493224704,0.006878837943077087,1,0.0002925810404121876,1,0.004526074044406414,1
02/11/26 22:46:04.593203968,0.01016075164079666,1,-0.005067383870482445,1,0.001004423480480909,1
02/11/26 22:46:04.693167872,0.01160065270960331,1,-0.000195449945749715,1,-0.003296593902632594,1
02/11/26 22:46:04.793214464,-0.002565599512308836,1,-0.00403026957064867,1,-0.0003267751890234649,1
02/11/26 22:46:04.893197312,0.01556023769080639,1,-0.001326718251220882,1,-0.002544170012697577,1
02/11/26 22:46:04.993169664,0.01210618950426579,1,-0.0006227043922990561,1,0.006576677784323692,1
02/11/26 22:46:05.093222400,0.0008766399114392698,1,-0.007014119997620583,1,-0.0008289965335279703,1
02/11/26 22:46:05.193205248,0.003574749687686563,1,-0.001847118488512933,1,0.0005160012515261769,1
02/11/26 22:46:05.293176832,-0.001936437794938684,1,0.003396396525204182,1,-0.001452164724469185,1
02/11/26 22:46:05.393229568,0.01472556684166193,1,0.001197995850816369,1,0.001783536281436682,1
02/11/26 22:46:05.493213184,0.005256043747067451,1,9.949403465725482e-05,1,0.009511956013739109,1
02/11/26 22:46:05.593185024,0.005966538097709417,1,-0.001488431007601321,1,-0.001314394176006317,1
02/11/26 22:46:05.693234432,-0.002053163014352322,1,-0.005451107863336802,1,0.00307477917522192,1
02/11/26 22:46:05.793214976,0.01473062857985497,1,-0.0003435846883803606,1,0.002204197458922863,1
02/11/26 22:46:05.893186048,0.009040313772857189,1,0.0003171900170855224,1,0.002675444120541215,1
02/11/26 22:46:05.993238784,0.0009872883092612028,1,0.005950051359832287,1,-0.003083411138504744,1
02/11/26 22:46:06.093218560,0.0001533087925054133,1,0.0003245070111006498,1,-0.0007904167287051678,1
02/11/26 22:46:06.193187328,0.006642632652074099,1,-0.004176161717623472,1,0.009340747259557247,1
02/11/26 22:46:06.293237248,0.01347485184669495,1,0.002606969326734543,1,0.004977263975888491,1
02/11/26 22:46:06.393216256,0.007684124633669853,1,-0.001395239727571607,1,-0.0004712305963039398,1
02/11/26 22:46:06.493184512,0.00187712733168155,1,-0.004087844397872686,1,-0.000423508114181459,1
02/11/26 22:46:06.593234944,-0.0001252847141586244,1,-0.0005965044256299734,1,0.00226374831981957,1
02/11/26 22:46:06.693214976,0.008613413199782372,1,0.0008789998246356845,1,-0.001511889859102666,1
02/11/26 22:46:06.793183744,0.006087190471589565,1,0.001956783700734377,1,-0.0005583421443589032,1
02/11/26 22:46:06.893232896,-0.0002015440259128809,1,0.001056935871019959,1,-0.001431220443919301,1
02/11/26 22:46:06.993211136,0.008156911469995975,1,-0.002686219289898872,1,-0.00318427081219852,1
02/11/26 22:46:07.093178112,0.009203391149640083,1,0.001667369506321847,1,-0.001978339161723852,1
02/11/26 22:46:07.193225216,0.0102160656824708,1,-0.001969209872186184,1,0.01773755066096783,1
02/11/26 22:46:07.293202432,0.004578087478876114,1,-0.002280208049342036,1,0.001327890204265714,1
02/11/26 22:46:07.393170176,0.007150639779865742,1,-0.005865307990461588,1,-0.004251327831298113,1
02/11/26 22:46:07.493217280,0.01096790470182896,1,0.00292294193059206,1,0.003446724032983184,1
02/11/26 22:46:07.593195520,0.0163603276014328,1,-0.0006870173383504152,1,0.008914857171475887,1
02/11/26 22:46:07.693161984,8.643418550491333e-05,1,-0.001066500786691904,1,-0.004755652509629726,1
02/11/26 22:46:07.793207808,0.004389937967061996,1,-0.0008888919837772846,1,-0.007904837839305401,1
02/11/26 22:46:07.893183232,0.007931320928037167,1,0.001367051969282329,1,-0.008171571418642998,1
02/11/26 22:46:07.993149696,0.01530553959310055,1,-0.001158342463895679,1,0.0003910751547664404,1
02/11/26 22:46:08.093199104,0.01316347438842058,1,-0.005166043527424335,1,-0.001415122533217072,1
02/11/26 22:46:08.193180928,-0.001784681575372815,1,-0.001148492563515902,1,0.001876175287179649,1
02/11/26 22:46:08.293145856,0.01367371715605259,1,0.007571330759674311,1,0.001415394712239504,1
02/11/26 22:46:08.393196544,0.003566921455785632,1,0.002280017826706171,1,-0.004963561426848173,1
02/11/26 22:46:08.493179392,0.01479837857186794,1,-0.004144142847508192,1,-0.001333413529209793,1
02/11/26 22:46:08.593144064,0.02123522385954857,1,-0.005180091597139835,1,0.01170915737748146,1
02/11/26 22:46:08.693192192,0.008600497618317604,1,0.001740859355777502,1,0.004682164173573256,1
02/11/26 22:46:08.793171712,0.005878662224858999,1,0.0005417476641014218,1,0.004300388507544994,1
02/11/26 22:46:08.893134336,0.008623713627457619,1,-0.0005115351523272693,1,0.003730003256350756,1
02/11/26 22:46:08.993180928,-0.001329397317022085,1,-0.002833309350535274,1,-0.0008696217555552721,1
02/11/26 22:46:09.093160704,0.002091412432491779,1,-0.004617420956492424,1,-0.006367943249642849,1
02/11/26 22:46:09.193125376,0.001759451813995838,1,-0.002008777810260653,1,0.007078295573592186,1
02/11/26 22:46:09.293171712,0.03081987053155899,1,-0.003250857349485159,1,-0.002008978743106127,1
02/11/26 22:46:09.393149440,0.001815084367990494,1,0.003464799840003252,1,-0.01083111017942429,1
02/11/26 22:46:09.493114880,0.003240791615098715,1,-0.0004506930708885193,1,-0.00508353253826499,1
02/11/26 22:46:09.593166848,0.00491352379322052,1,-0.0005587112391367555,1,0.001653174171224236,1
02/11/26 22:46:09.693149184,0.007524321787059307,1,-0.003420357359573245,1,0.004331381991505623,1
02/11/26 22:46:09.793121792,0.005710237193852663,1,-0.007536650635302067,1,-0.004542730748653412,1
02/11/26 22:46:09.893174784,0.002195305423811078,1,-0.00209892145358026,1,-0.001607710728421807,1
02/11/26 22:46:09.993156608,0.00682953093200922,1,0.0005146112525835633,1,-0.004135205410420895,1
02/11/26 22:46:10.093127936,0.0208408534526825,1,0.002685097511857748,1,-0.002498865826055408,1
02/11/26 22:46:10.193179904,0.02774824947118759,1,0.005419295281171799,1,-0.02124842628836632,1
02/11/26 22:46:10.293159680,0.007068233098834753,1,0.001670740311965346,1,-0.006900609470903873,1
02/11/26 22:46:10.393130752,0.003790507558733225,1,0.0001283327583223581,1,-0.006143864709883928,1
02/11/26 22:46:10.493182208,0.01537798158824444,1,0.003146022325381637,1,0.006476277485489845,1
02/11/26 22:46:10.593163776,0.00792115181684494,1,-0.0007894315058365464,1,0.007475965190678835,1
02/11/26 22:46:10.693133056,0.006512964144349098,1,-0.0009975694119930267,1,0.003822691505774856,1
02/11/26 22:46:10.793185280,-0.006948085036128759,1,-0.003803241066634655,1,-0.0005389238940551877,1
02/11/26 22:46:10.893168640,0.0164091344922781,1,-0.001099234912544489,1,0.0003744621062651277,1
02/11/26 22:46:10.993137152,0.007837296463549137,1,-0.0008907613810151815,1,-0.002082382328808308,1
02/11/26 22:46:11.093190656,0.002157648093998432,1,0.003820523852482438,1,-0.002710068132728338,1
02/11/26 22:46:11.193169152,0.007904151454567909,1,0.0004493489395827055,1,0.004153600428253412,1
02/11/26 22:46:11.293136384,0.015475750900805,1,3.775948425754905e-05,1,-0.003876414615660906,1
02/11/26 22:46:11.393185024,0.01052532903850079,1,0.002680071629583836,1,5.780532956123352e-05,1
02/11/26 22:46:11.493164288,-0.001561352983117104,1,-0.003062107134610415,1,-0.002563412999734282,1
02/11/26 22:46:11.593134080,-0.000962832651566714,1,-0.004509877879172564,1,-0.002090624999254942,1
02/11/26 22:46:11.693192448,0.01228622440248728,1,-0.001727693830616772,1,0.004415702074766159,1
02/11/26 22:46:11.793176832,0.007960320450365543,1,-0.0007607446168549359,1,0.001896749250590801,1
02/11/26 22:46:11.893145344,0.004614104051142931,1,-0.003200548933818936,1,0.0004750173538923264,1
02/11/26 22:46:11.993192448,0.0008625308400951326,1,-0.0001639308175072074,1,-0.002842642134055495,1
02/11/26 22:46:12.093170176,0.01023748703300953,1,0.001069113612174988,1,0.001630783779546618,1
02/11/26 22:46:12.193139456,0.005148334894329309,1,-0.003182420507073402,1,-0.0004297927371226251,1
02/11/26 22:46:12.293188096,0.003628652542829514,1,-0.001286863349378109,1,-0.001646987977437675,1
02/11/26 22:46:12.393163776,0.001918789348565042,1,-0.002280489774420857,1,-0.002615341218188405,1
02/11/26 22:46:12.493129984,0.0110529437661171,1,-0.003390815807506442,1,-0.001479923143051565,1
02/11/26 22:46:12.593187840,0.01332915108650923,1,0.001585926045663655,1,-0.001173903234302998,1
02/11/26 22:46:12.693187584,0.009448111057281494,1,-0.006081409752368927,1,-0.002616732846945524,1
02/11/26 22:46:12.793170688,0.001448334194719791,1,0.004589433316141367,1,-0.003634575288742781,1
02/11/26 22:46:12.893229568,0.004707396496087313,1,0.002530573401600122,1,-0.0009249121649190784,1
02/11/26 22:46:12.993214720,0.01046133786439896,1,0.003603449091315269,1,0.002872892655432224,1
02/11/26 22:46:13.093178624,0.01260404661297798,1,0.001709714881144464,1,0.0005512014031410217,1
02/11/26 22:46:13.193226752,0.003332649590447545,1,-0.002192475832998753,1,-0.003574687521904707,1
02/11/26 22:46:13.293205504,0.006030677817761898,1,-0.002999093616381288,1,-0.00477219931781292,1
02/11/26 22:46:13.393169408,0.006657772697508335,1,-0.002878767903894186,1,-0.000875708123203367,1
02/11/26 22:46:13.493215232,0.0156404934823513,1,0.001425289316102862,1,0.002760202158242464,1
02/11/26 22:46:13.593195008,0.004241010639816523,1,0.0009411696228198707,1,0.0004074088064953685,1
02/11/26 22:46:13.693158656,0.001052218955010176,1,0.001102237729355693,1,-0.0025159299839288,1
02/11/26 22:46:13.793204992,0.01063036266714334,1,0.001406705472618341,1,0.003353575943037868,1
02/11/26 22:46:13.893183232,0.0102840680629015,1,-0.0008530025370419025,1,-0.01497028209269047,1
02/11/26 22:46:13.993148928,0.007839782163500786,1,-0.000777198001742363,1,-0.01862439885735512,1
02/11/26 22:46:14.093206016,-0.003041729331016541,1,0.002497814130038023,1,-0.006857479922473431,1
02/11/26 22:46:14.193187840,0.005739503540098667,1,0.003285984974354506,1,0.005150404293090105,1
02/11/26 22:46:14.293160704,0.01745143160223961,1,0.004146992694586515,1,-0.0006057038553990424,1
02/11/26 22:46:14.393212672,0.001639447407796979,1,0.002294254023581743,1,0.0004179526586085558,1
02/11/26 22:46:14.493193728,0.000833237252663821,1,-0.005928706377744675,1,-0.0002892107877414674,1
02/11/26 22:46:14.593165824,0.007236597128212452,1,-0.002085276180878282,1,-0.003987605683505535,1
02/11/26 22:46:14.693216512,0.0126056345179677,1,0.002448855200782418,1,-0.0002375035401200876,1
02/11/26 22:46:14.793195264,0.00645379675552249,1,0.002052743453532457,1,0.0003293106565251946,1
02/11/26 22:46:14.893165824,0.004377761855721474,1,-0.002052172087132931,1,-0.00360429473221302,1
02/11/26 22:46:14.993216256,0.01147471275180578,1,-0.0004699105338659137,1,0.001965595642104745,1
02/11/26 22:46:15.093197056,0.008235856890678406,1,-3.734789788722992e-05,1,-0.003908411134034395,1
02/11/26 22:46:15.193166592,0.01069446466863155,1,0.0002719919430091977,1,0.005920773837715387,1
02/11/26 22:46:15.293217280,0.005151960998773575,1,0.002203170675784349,1,-0.002370165893808007,1
02/11/26 22:46:15.393195520,0.005271623376756907,1,0.001589683583006263,1,-0.002709017600864172,1
02/11/26 22:46:15.493164288,0.004030799493193626,1,0.002793312538415194,1,-0.0002927793539129198,1
02/11/26 22:46:15.593214464,0.01111006829887629,1,0.0002316260361112654,1,0.0004542191163636744,1
02/11/26 22:46:15.693204992,0.002977655734866858,1,0.001658413792029023,1,0.001583016710355878,1
02/11/26 22:46:15.793179136,0.003915410023182631,1,0.00172613572794944,1,-0.0001372471451759338,1
02/11/26 22:46:15.893228544,0.004778351634740829,1,0.0002278010360896587,1,0.00129996205214411,1
02/11/26 22:46:15.993207552,0.0131775951012969,1,0.0002279676264151931,1,-0.002558628795668483,1
02/11/26 22:46:16.093175296,0.005295969545841217,1,-0.002840094733983278,1,0.002129988512024283,1
02/11/26 22:46:16.193224704,0.0008898710366338491,1,-0.002870786935091019,1,-0.003817567136138678,1
02/11/26 22:46:16.293203712,0.005547760520130396,1,0.002043517539277673,1,-0.0006511122919619083,1
02/11/26 22:46:16.393171200,0.01465252973139286,1,0.00357756158336997,1,0.001594135304912925,1
02/11/26 22:46:16.493218560,0.003631419967859983,1,-0.0005852705799043179,1,0.00111347169149667,1
02/11/26 22:46:16.593196288,-0.004337363410741091,1,-0.001835934817790985,1,-0.005852276459336281,1
02/11/26 22:46:16.693163776,0.0004010354168713093,1,-0.003008080879226327,1,-0.004517755936831236,1
02/11/26 22:46:16.793210880,0.014519352465868,1,0.004431202542036772,1,-0.002094578230753541,1
02/11/26 22:46:16.893186560,0.01295155007392168,1,-0.005788683891296387,1,-0.001214821240864694,1
02/11/26 22:46:16.993153280,0.0004862933419644833,1,0.0002073522191494703,1,0.001264291582629085,1
02/11/26 22:46:17.093203456,0.0008980478160083294,1,-0.002791858278214931,1,-0.002960107754915953,1
02/11/26 22:46:17.193189632,0.01556395553052425,1,0.002663122257217765,1,-0.002517617074772716,1
02/11/26 22:46:17.293154560,0.009292072616517544,1,0.0001014545559883118,1,0.001762052997946739,1
02/11/26 22:46:17.393203456,0.002203419106081128,1,0.001219378202222288,1,-0.002902870764955878,1
02/11/26 22:46:17.493185536,-0.00111520173959434,1,-0.0003301282995380461,1,-0.0008124221349135041,1
02/11/26 22:46:17.593151232,0.01408833265304565,1,0.001906678662635386,1,0.002702767960727215,1
02/11/26 22:46:17.693199872,0.01065641734749079,1,0.002131110057234764,1,0.002205030992627144,1
02/11/26 22:46:17.793179392,0.007437460124492645,1,-0.003043512115254998,1,-0.001764947548508644,1
02/11/26 22:46:17.893143552,0.006684443913400173,1,0.002877197926864028,1,0.0009598276228643954,1
02/11/26 22:46:17.993189376,0.005649199709296227,1,0.006791617255657911,1,0.0004337496357038617,1
02/11/26 22:46:18.093168896,0.01315103843808174,1,0.00189948664046824,1,0.003038447815924883,1
02/11/26 22:46:18.193131008,0.003549841232597828,1,0.001345664728432894,1,0.001062843017280102,1
02/11/26 22:46:18.293177088,0.003564983839169145,1,0.0003665166150312871,1,-0.003983497619628906,1
02/11/26 22:46:18.393156864,0.01155419554561377,1,-0.003285711398348212,1,-0.008300039917230606,1
02/11/26 22:46:18.493119232,0.01595951616764069,1,0.0007773805409669876,1,0.004005910828709602,1
02/11/26 22:46:18.593165312,0.01078963186591864,1,-0.001619497197680175,1,-0.001780108781531453,1
02/11/26 22:46:18.693147136,0.002093988936394453,1,-0.001029748003929853,1,0.002407087711617351,1
02/11/26 22:46:18.793119488,0.004606722854077816,1,-0.0009103495976887643,1,-0.0009422213770449162,1
02/11/26 22:46:18.893172736,0.01067018695175648,1,-0.001292764907702804,1,-0.002290823962539434,1
02/11/26 22:46:18.993154048,0.00754416873678565,1,0.002794967498630285,1,0.002472155261784792,1
02/11/26 22:46:19.093125376,0.01027150731533766,1,0.001758931903168559,1,-0.005942025221884251,1
02/11/26 22:46:19.193176320,0.004287940915673971,1,0.0008929215837270021,1,-0.004319826140999794,1
02/11/26 22:46:19.293157376,0.00965056661516428,1,0.0006424051243811846,1,0.002484963275492191,1
02/11/26 22:46:19.393128704,0.01555337943136692,1,0.002850024495273829,1,-0.001334531465545297,1
02/11/26 22:46:19.493179136,0.005170620046555996,1,-0.0009850584901869297,1,0.0003194761229678988,1
02/11/26 22:46:19.593158912,0.006322857458144426,1,0.001448171446099877,1,-0.003077705623582006,1
02/11/26 22:46:19.693129984,0.008461419492959976,1,0.0001160628162324429,1,-0.001748163253068924,1
02/11/26 22:46:19.793181440,0.01102389022707939,1,0.003074350534006953,1,0.004910876974463463,1
02/11/26 22:46:19.893161472,0.009066570550203323,1,0.0005262523191049695,1,0.004612577613443136,1
02/11/26 22:46:19.993131008,0.003745736088603735,1,0.004263793118298054,1,-0.004670430440455675,1
02/11/26 22:46:20.093181440,0.005217366851866245,1,0.003590294625610113,1,0.0004644657019525766,1
02/11/26 22:46:20.193160960,0.01702264882624149,1,-0.001570120104588568,1,-0.004527986980974674,1
02/11/26 22:46:20.293128192,0.0146772600710392,1,0.003288282547146082,1,0.004854483995586634,1
02/11/26 22:46:20.393177088,0.005405226722359657,1,0.001313645858317614,1,-0.004372803028672934,1
02/11/26 22:46:20.493156096,0.001089761266484857,1,-0.002977525815367699,1,-0.002129688858985901,1
02/11/26 22:46:20.593123072,0.008838358335196972,1,0.00295460200868547,1,-0.00106682744808495,1
02/11/26 22:46:20.693171456,0.01393295638263226,1,0.004671978764235973,1,-0.004133549053221941,1
02/11/26 22:46:20.793148928,0.007030855864286423,1,0.001117908162996173,1,0.001388828502967954,1
02/11/26 22:46:20.893115648,0.002434917027130723,1,0.000773304607719183,1,0.005792204290628433,1
02/11/26 22:46:20.993163776,0.01130711659789085,1,0.005628952756524086,1,-0.002656173426657915,1
02/11/26 22:46:21.093141504,0.01242577563971281,1,0.003907355479896069,1,-0.0001499317004345357,1
02/11/26 22:46:21.193107456,0.005017297342419624,1,-0.002581082517281175,1,-0.0002002695109695196,1
02/11/26 22:46:21.293153536,-0.004029943607747555,1,0.004020816180855036,1,-0.0007507010595872998,1
02/11/26 22:46:21.393129472,0.007980692200362682,1,0.004874530248343945,1,-0.003702260553836823,1
02/11/26 22:46:21.493096192,0.008934863843023777,1,0.006642743479460478,1,0.001388703938573599,1
02/11/26 22:46:21.593145088,0.006536767818033695,1,-0.003716945415362716,1,-0.00156343646813184,1
02/11/26 22:46:21.693126912,0.003830570029094815,1,-0.0006408492336049676,1,-0.004422924015671015,1
02/11/26 22:46:21.793092352,0.00468744058161974,1,-0.001458143349736929,1,-0.004966732580214739,1
02/11/26 22:46:21.893141760,0.01371736079454422,1,0.00469495914876461,1,0.005166626535356045,1
02/11/26 22:46:21.993122048,0.003049292601644993,1,0.002426446881145239,1,-0.0006237939815036952,1
02/11/26 22:46:22.093085696,-0.003727733623236418,1,-0.001294034533202648,1,-0.005489150993525982,1
02/11/26 22:46:22.193134080,0.00456433929502964,1,-0.00280694873072207,1,0.002815414685755968,1
02/11/26 22:46:22.293116416,0.005764990113675594,1,-0.004054381046444178,1,-0.00221556588076055,1
02/11/26 22:46:22.393080320,0.01211057417094707,1,0.004300645552575588,1,0.003048150800168514,1
02/11/26 22:46:22.493126656,0.006489023566246033,1,0.001817786833271384,1,-0.001228687237016857,1
02/11/26 22:46:22.593107712,0.007293126545846462,1,-0.007013933733105659,1,-0.0003964764182455838,1
02/11/26 22:46:22.693069824,0.005909889936447144,1,0.003164364024996758,1,0.0009644118836149573,1
02/11/26 22:46:22.793117184,-0.004336376674473286,1,0.009871276095509529,1,0.03240136057138443,1
02/11/26 22:46:22.893096448,0.01122203562408686,1,-0.001728886738419533,1,0.0132520729675889,1
02/11/26 22:46:22.993062400,0.004713327158242464,1,0.00312686781398952,1,-0.004894166253507137,1
02/11/26 22:46:23.093109504,0.006602532230317593,1,-0.001794954761862755,1,-0.001068473677150905,1
02/11/26 22:46:23.193090560,0.01413513347506523,1,0.005327313672751188,1,-0.005826995242387056,1
02/11/26 22:46:23.293062656,-0.0005245734937489033,1,0.003851383924484253,1,0.005680537782609463,1
02/11/26 22:46:23.393115392,-0.0188126303255558,1,-0.001555939437821507,1,0.007231476716697216,1
02/11/26 22:46:23.493097472,0.009654942899942398,1,-0.006619042251259089,1,-0.01257071923464537,1
02/11/26 22:46:23.593070336,0.008224663324654102,1,0.005651968531310558,1,-0.0007309088832698762,1
02/11/26 22:46:23.693120256,0.01153891254216433,1,0.0008671532268635929,1,-0.001602664240635931,1
02/11/26 22:46:23.793100032,0.00126384140457958,1,-0.000242393696680665,1,0.001254738192074001,1
02/11/26 22:46:23.893070592,0.006404737010598183,1,0.003485711058601737,1,-0.0007115780608728528,1
02/11/26 22:46:23.993121024,0.008723894134163857,1,0.0002620104642119259,1,0.00095479900483042,1
02/11/26 22:46:24.093101824,0.01422551739960909,1,0.003429173724725842,1,-0.001027373247779906,1
02/11/26 22:46:24.193070848,-0.001551836030557752,1,-0.001633649109862745,1,-0.003718948224559426,1
02/11/26 22:46:24.293122048,0.008189927786588669,1,0.00128817418590188,1,-0.003256777301430702,1
02/11/26 22:46:24.393102336,0.01369630917906761,1,0.003347553079947829,1,-0.0007967690471559763,1
02/11/26 22:46:24.493070848,0.009320965968072414,1,0.004532038699835539,1,0.001668133540078998,1
02/11/26 22:46:24.593121280,-0.003289933782070875,1,-0.0009361377451568842,1,0.001415590522810817,1
02/11/26 22:46:24.693099776,0.0171772763133049,1,-0.005578396376222372,1,-0.006846577860414982,1
02/11/26 22:46:24.793068544,0.00258243759162724,1,0.00593886524438858,1,0.00577605701982975,1
02/11/26 22:46:24.893117440,0.006300502456724644,1,0.0003713758196681738,1,0.0008106786990538239,1
02/11/26 22:46:24.993096960,0.004501172807067633,1,0.003283816622570157,1,-0.003246253356337547,1
02/11/26 22:46:25.093066752,0.001230265945196152,1,0.001244451967068017,1,-0.0003913996042683721,1
02/11/26 22:46:25.193121792,-0.04185796901583672,1,-0.0017807986587286,1,0.006814682856202126,1
02/11/26 22:46:25.293101824,0.02367266453802586,1,0.01408831402659416,1,-0.007394121028482914,1
02/11/26 22:46:25.393070848,0.006529486738145351,1,-0.001329289167188108,1,0.008231951855123043,1
02/11/26 22:46:25.493118208,0.005254339426755905,1,0.006146873347461224,1,-0.0373263992369175,1
02/11/26 22:46:25.593097472,0.004322224296629429,1,0.003581157419830561,1,-0.001888792961835861,1
02/11/26 22:46:25.693066240,0.01057856716215611,1,0.0002797011693473905,1,0.003187029622495174,1
02/11/26 22:46:25.793112832,0.005793341901153326,1,0.003543181344866753,1,4.66909259557724e-05,1
02/11/26 22:46:25.893091328,0.004871976096183062,1,-0.002204770920798182,1,0.003876231610774994,1
02/11/26 22:46:25.993068544,0.01203486323356628,1,0.001171156298369169,1,-0.001603081007488072,1
02/11/26 22:46:26.093114112,0.01168133690953255,1,0.001015327754430473,1,0.00112806458491832,1
02/11/26 22:46:26.193088768,0.00524870352819562,1,-0.0002769727725535631,1,-0.003707061056047678,1
02/11/26 22:46:26.293053696,0.006557207088917494,1,0.0006522489129565656,1,-0.0006388722686097026,1
02/11/26 22:46:26.393103104,0.01253154501318932,1,-0.0008304493385367095,1,0.009535667486488819,1
02/11/26 22:46:26.493084928,0.01171899121254683,1,0.002175938803702593,1,0.004306306131184101,1
02/11/26 22:46:26.593049088,-0.0006114465650171041,1,0.005231241695582867,1,-0.0009804477449506521,1
02/11/26 22:46:26.693098496,0.004412211012095213,1,-0.004815765656530857,1,-0.004030358977615833,1
02/11/26 22:46:26.793082368,0.006170636042952538,1,-0.002229114761576056,1,-0.004028314724564552,1
02/11/26 22:46:26.893045760,0.00718556297942996,1,0.001402090536430478,1,0.004185881000012159,1
02/11/26 22:46:26.993093120,0.008094746619462967,1,0.001609500730410218,1,-0.004009216092526913,1
02/11/26 22:46:27.093073152,0.006234938744455576,1,0.0006224499084055424,1,-0.00523903826251626,1
02/11/26 22:46:27.193038336,0.004275902174413204,1,-0.002257213229313493,1,0.0005234748823568225,1
02/11/26 22:46:27.293084672,0.01271791569888592,1,0.002399050630629063,1,0.003377847373485565,1
02/11/26 22:46:27.393062656,0.008998685516417027,1,-0.001430700300261378,1,-0.0008102015126496553,1
02/11/26 22:46:27.493026816,0.003141912166029215,1,-0.002048791386187077,1,-0.004266728647053242,1
02/11/26 22:46:27.593073664,0.006017346866428852,1,-0.002795160748064518,1,-0.001470900839194655,1
02/11/26 22:46:27.693051392,0.1402269303798676,1,-0.00788271427154541,1,0.08293012529611588,1
02/11/26 22:46:27.793016320,0.002289885655045509,1,0.002540517598390579,1,0.002175854053348303,1
02/11/26 22:46:27.893068800,0.01451073121279478,1,-0.003729230724275112,1,0.005051274783909321,1
02/11/26 22:46:27.993051136,-0.002140189055353403,1,0.006760407239198685,1,-0.01028833072632551,1
02/11/26 22:46:28.093023744,0.006107916124165058,1,-0.001332938089035451,1,-0.006007463205605745,1
02/11/26 22:46:28.193074944,0.01639844477176666,1,0.002003430621698499,1,0.0009670706349425018,1
02/11/26 22:46:28.293054464,0.003410085570067167,1,0.005795991979539394,1,-0.0005049422034062445,1
02/11/26 22:46:28.393026560,0.006935103796422482,1,-0.0008326175156980753,1,-0.001383901690132916,1
02/11/26 22:46:28.493078784,0.007797478698194027,1,0.002766082528978586,1,0.002748152241110802,1
02/11/26 22:46:28.593058048,0.01160734333097935,1,0.0005439899978227913,1,-0.0003496403223834932,1
02/11/26 22:46:28.693027840,0.0119426129385829,1,0.0007492793956771493,1,-0.0004118443466722965,1
02/11/26 22:46:28.793079040,4.713475937023759e-05,1,-0.002044610446318984,1,-0.004390025045722723,1
02/11/26 22:46:28.893067008,0.00172432092949748,1,0.004064664710313082,1,-0.001353294355794787,1
02/11/26 22:46:28.993036032,0.0170310977846384,1,0.002893720753490925,1,0.0005939102848060429,1
02/11/26 22:46:29.093086208,0.09444768726825714,1,0.004822521470487118,1,0.04118666052818298,1
02/11/26 22:46:29.193064704,-0.001545219216495752,1,-2.838525688275695e-05,1,0.0036587028298527,1
02/11/26 22:46:29.293033984,0.01104024238884449,1,-0.002641041064634919,1,-0.0002225433709099889,1
02/11/26 22:46:29.393082112,0.01405021920800209,1,0.004764283075928688,1,0.008842255920171738,1
02/11/26 22:46:29.493060864,0.009652982465922832,1,0.003092025406658649,1,-0.01575176604092121,1
02/11/26 22:46:29.593028096,0.004588343668729067,1,0.0004970729351043701,1,-0.006559259723871946,1
02/11/26 22:46:29.693076992,-0.05907978862524033,1,-0.0151715874671936,1,-0.1001086980104446,1
02/11/26 22:46:29.793057280,0.001655646832659841,1,-0.002480644267052412,1,0.001668947748839855,1
02/11/26 22:46:29.893025536,0.004890312906354666,1,0.004504224751144648,1,0.007988786324858665,1
02/11/26 22:46:29.993074176,0.004644320346415043,1,-0.0001576491340529174,1,-0.0036986512131989,1
02/11/26 22:46:30.093050368,0.002102836035192013,1,-0.003138847881928086,1,-0.0004727761261165142,1
02/11/26 22:46:30.193018368,0.00638299947604537,1,0.0003287219442427158,1,0.0008803120581433177,1
02/11/26 22:46:30.293064448,0.01408091653138399,1,0.003603853285312653,1,-0.003175816964358091,1
02/11/26 22:46:30.393041408,0.003870584769174457,1,0.0001887927064672112,1,-0.001248520566150546,1
02/11/26 22:46:30.493007616,0.002461512805894017,1,0.001415801118128002,1,-0.00284359254874289,1
02/11/26 22:46:30.593053952,0.006789026316255331,1,-0.001626942888833582,1,0.001106841024011374,1
02/11/26 22:46:30.693028608,0.005808284971863031,1,0.001247841282747686,1,-0.001582776778377593,1
02/11/26 22:46:30.792994048,0.01213463582098484,1,0.005420271772891283,1,-0.003584541846066713,1
02/11/26 22:46:30.893044992,-0.001615698914974928,1,-0.001135721802711487,1,-0.003039438277482986,1
02/11/26 22:46:30.993031424,0.007455282844603062,1,0.005231991410255432,1,-0.003052107989788055,1
02/11/26 22:46:31.092997376,0.005557393655180931,1,0.003714120015501976,1,-0.00710621103644371,1
02/11/26 22:46:31.193046528,0.008691630326211452,1,0.00219775503501296,1,0.002715700538828969,1
02/11/26 22:46:31.293028864,0.0002059840480796993,1,-0.0007549322908744216,1,-0.003672225866466761,1
02/11/26 22:46:31.392993536,0.005558638367801905,1,0.00179679598659277,1,-0.001759718521498144,1
02/11/26 22:46:31.493041664,0.01242930814623833,1,0.00438655074685812,1,-0.00194940366782248,1
02/11/26 22:46:31.593021440,0.01373724918812513,1,0.001342896488495171,1,-0.001460692146793008,1
02/11/26 22:46:31.692985344,0.00125314318574965,1,-0.001742587890475988,1,-0.003060051240026951,1
02/11/26 22:46:31.793031680,0.002454957691952586,1,0.001843303092755377,1,-0.005312039982527494,1
02/11/26 22:46:31.893010688,0.003050152445212007,1,-0.0003219818463549018,1,-0.00590627733618021,1
02/11/26 22:46:31.992975360,0.01550033409148455,1,0.002260434441268444,1,0.0002946328604593873,1
02/11/26 22:46:32.093021696,0.001829316839575768,1,0.005466177593916655,1,-0.007699726149439812,1
02/11/26 22:46:32.193000448,0.008121301420032978,1,0.01719334535300732,1,0.02853652276098728,1
02/11/26 22:46:32.292963840,0.01260639354586601,1,0.003580722492188215,1,-0.002339296974241734,1
02/11/26 22:46:32.393010176,0.011287453584373,1,0.002728116465732455,1,0.0005973652005195618,1
02/11/26 22:46:32.492992512,0.006940144114196301,1,0.001872744876891375,1,-0.004172689281404018,1
02/11/26 22:46:32.592964608,0.0005717647727578878,1,0.004966755863279104,1,-0.001127579715102911,1
02/11/26 22:46:32.693017344,0.007726422045379877,1,0.00555854756385088,1,-0.00264110928401351,1
02/11/26 22:46:32.792997376,0.01271673291921616,1,0.0007596014766022563,1,0.001761186402291059,1
02/11/26 22:46:32.892968704,0.00671713799238205,1,0.002617268357425928,1,-0.001735266414470971,1
02/11/26 22:46:32.993020160,0.00234935199841857,1,0.001568099949508905,1,-0.004664837382733822,1
02/11/26 22:46:33.093002752,0.006160046439617872,1,0.002229532459750772,1,-0.002849995624274015,1
02/11/26 22:46:33.192972544,0.007629786152392626,1,0.0004000610206276178,1,-0.002959675388410687,1
02/11/26 22:46:33.293024000,0.006610965356230736,1,0.002110196277499199,1,-0.01561219617724419,1
02/11/26 22:46:33.393005824,0.003443048102781177,1,0.0009614350274205208,1,-0.002892910502851009,1
02/11/26 22:46:33.492977920,0.003595536109060049,1,-4.972086753696203e-05,1,-0.007645040284842253,1
02/11/26 22:46:33.593031680,-0.003371314145624638,1,0.02810442820191383,1,0.03110953606665134,1
02/11/26 22:46:33.693017856,0.01023111492395401,1,0.006852615159004927,1,-0.00425402820110321,1
02/11/26 22:46:33.792987648,0.0005561835132539272,1,0.005634450819343328,1,0.001064023701474071,1
02/11/26 22:46:33.893037056,0.004213265143334866,1,-7.051671855151653e-05,1,-0.001552023459225893,1
02/11/26 22:46:33.993017600,0.009295078925788403,1,-0.0008264166535809636,1,-0.001296260394155979,1
02/11/26 22:46:34.092985344,0.009692840278148651,1,0.002167361089959741,1,0.001184990047477186,1
02/11/26 22:46:34.193033984,-0.0004115609917789698,1,-0.008827319368720055,1,-0.02511088363826275,1
02/11/26 22:46:34.293012992,0.0002459477400407195,1,-0.0002701329067349434,1,-0.008885261602699757,1
02/11/26 22:46:34.392981248,0.007828164845705032,1,0.002876871498301625,1,0.002264477778226137,1
02/11/26 22:46:34.493029376,0.009596985764801502,1,0.001286365557461977,1,-0.006751401349902153,1
02/11/26 22:46:34.593007104,0.003496912540867925,1,0.0005819504149258137,1,-0.00533510884270072,1
02/11/26 22:46:34.692975104,-0.001910455292090774,1,0.001396710285916924,1,0.006867100484669209,1
02/11/26 22:46:34.793021952,0.01038294471800327,1,0.0002335784956812859,1,-0.00272813718765974,1
02/11/26 22:46:34.892999680,0.02148211002349854,1,0.009896684437990189,1,-0.007055955938994884,1
02/11/26 22:46:34.992966144,-0.07337622344493866,1,0.01075997017323971,1,-0.04010220617055893,1
02/11/26 22:46:35.093013248,0.0009176366729661822,1,-0.007323535159230232,1,-0.01663853228092194,1
02/11/26 22:46:35.192987904,-0.001449152594432235,1,0.009033845737576485,1,-0.001209012814797461,1
02/11/26 22:46:35.292953856,0.009871588088572025,1,0.002073101466521621,1,0.002509077079594135,1
02/11/26 22:46:35.393001216,0.003688654396682978,1,-0.001671254285611212,1,-0.002729176077991724,1
02/11/26 22:46:35.492978176,0.005323190242052078,1,-0.0007693110965192318,1,-0.007643403485417366,1
02/11/26 22:46:35.592941824,0.002788102254271507,1,0.0007676066597923636,1,0.0006369284237734973,1
02/11/26 22:46:35.692990720,0.01288626622408628,1,0.001203017076477408,1,-0.0006231382139958441,1
02/11/26 22:46:35.792975360,0.007582858670502901,1,0.003797532990574837,1,-0.002057784236967564,1
02/11/26 22:46:35.892939264,0.001685189083218575,1,-0.001946508418768644,1,0.001550361048430204,1
02/11/26 22:46:35.992987392,0.005334147252142429,1,0.0003851152723655105,1,-0.0001762076281011105,1
02/11/26 22:46:36.092967680,0.00912031065672636,1,0.001974716084077954,1,-0.005931918509304523,1
02/11/26 22:46:36.192932864,0.01777646318078041,1,0.002974611707031727,1,0.00314749963581562,1
02/11/26 22:46:36.292979968,0.001860185759142041,1,0.002776373876258731,1,-0.001355658518150449,1
02/11/26 22:46:36.392959744,0.002319519408047199,1,-4.852726124227047e-05,1,-0.0007966277189552784,1
02/11/26 22:46:36.492924160,0.05035515129566193,1,-0.00125716591719538,1,0.000941532664000988,1
02/11/26 22:46:36.592972288,-0.002217573113739491,1,0.004420376382768154,1,0.01544950529932976,1
02/11/26 22:46:36.692951040,0.00963818933814764,1,-0.000297117221634835,1,-0.003752872813493013,1
02/11/26 22:46:36.792914432,0.004009278956800699,1,0.002854806138202548,1,-0.008254596963524818,1
02/11/26 22:46:36.892962304,0.01292825769633055,1,0.008030101656913757,1,-0.00207563815638423,1
02/11/26 22:46:36.992941568,0.006247962825000286,1,0.0008432937902398407,1,0.001447550253942609,1
02/11/26 22:46:37.092908032,-0.00371824111789465,1,0.00397643493488431,1,-0.003991375677287579,1
02/11/26 22:46:37.192960768,0.002905792323872447,1,0.001789644593372941,1,-0.002593890065327287,1
02/11/26 22:46:37.292943616,0.009644918143749237,1,0.003603497054427862,1,0.007298909593373537,1
02/11/26 22:46:37.392915200,0.01004737615585327,1,0.002206858713179827,1,0.002869946882128716,1
02/11/26 22:46:37.492967168,0.007617036812007427,1,-0.001708647818304598,1,-0.004406543914228678,1
02/11/26 22:46:37.592953088,0.007267034612596035,1,0.001292264088988304,1,0.0005988612538203597,1
02/11/26 22:46:37.692923648,0.007561998441815376,1,0.004639253951609135,1,0.0004914179444313049,1
02/11/26 22:46:37.792975616,0.007609285414218903,1,0.0009633598383516073,1,-0.00446968199685216,1
02/11/26 22:46:37.892957184,0.006013331934809685,1,0.002020798157900572,1,0.0005636595888063312,1
02/11/26 22:46:37.992927232,0.003539276542142034,1,0.001715860795229673,1,-0.0001915778557304293,1
02/11/26 22:46:38.092978176,0.008618821389973164,1,0.002226012060418725,1,-0.001644614501856267,1
02/11/26 22:46:38.192958208,0.009511250071227551,1,0.003729934571310878,1,0.0004545681877061725,1
02/11/26 22:46:38.292927232,0.02111815102398396,1,-0.0146084725856781,1,0.005479674786329269,1
02/11/26 22:46:38.392977664,0.002877568826079369,1,0.004788820631802082,1,-0.004429717548191547,1
02/11/26 22:46:38.492956672,0.003586351871490479,1,0.001512822578661144,1,-0.0005156450206413865,1
02/11/26 22:46:38.592927744,0.01269657630473375,1,0.0003241679805796593,1,-3.83358565159142e-06,1
02/11/26 22:46:38.692976384,0.006943289656192064,1,0.0006099366582930088,1,-0.0009122942574322224,1
02/11/26 22:46:38.792954624,0.001905431970953941,1,-0.002710830187425017,1,0.002538812812417746,1
02/11/26 22:46:38.892923392,-0.007953530177474022,1,-0.006739802658557892,1,0.01557022798806429,1
02/11/26 22:46:38.992971264,0.01375594735145569,1,0.002566714771091938,1,-0.005605970043689013,1
02/11/26 22:46:39.092948992,0.01143781468272209,1,0.002275310689583421,1,-0.002513840794563293,1
02/11/26 22:46:39.192917504,-0.001083054579794407,1,-0.0008319043554365635,1,-0.007399062626063824,1
02/11/26 22:46:39.292964864,0.002068742178380489,1,0.002756797941401601,1,-0.0009398860274814069,1
02/11/26 22:46:39.392944128,0.003814923577010632,1,0.002759120427072048,1,1.943315146490932e-05,1
02/11/26 22:46:39.492912896,0.01326783653348684,1,0.00422569876536727,1,0.0008067532908171415,1
02/11/26 22:46:39.592961792,0.004622831009328365,1,0.001557743875309825,1,-0.003248952329158783,1
02/11/26 22:46:39.692939264,0.00124978122767061,1,0.00132726994343102,1,-0.004205631092190742,1
02/11/26 22:46:39.792904960,0.005360315553843975,1,0.002365912310779095,1,-0.0004600663378369063,1
02/11/26 22:46:39.892952832,0.008435235358774662,1,0.0001678997941780835,1,7.82315619289875e-05,1
02/11/26 22:46:39.992929536,0.0009234398603439331,1,0.002116898074746132,1,0.004550880752503872,1
02/11/26 22:46:40.092896512,0.00485131936147809,1,0.0007373590487986803,1,-0.001401578891091049,1
02/11/26 22:46:40.192945664,0.0102293211966753,1,0.003428637515753508,1,-0.002259751548990607,1
02/11/26 22:46:40.292926976,0.0197834949940443,1,0.001058877911418676,1,4.029995761811733e-05,1
02/11/26 22:46:40.392891648,0.003614410758018494,1,0.001172914518974721,1,-0.001325662946328521,1
02/11/26 22:46:40.492940544,0.003070359118282795,1,0.001137453364208341,1,-0.001016190275549889,1
02/11/26 22:46:40.592921856,0.01087763346731663,1,-0.0006552953273057938,1,-0.004041627049446106,1
02/11/26 22:46:40.692887040,0.02018259093165398,1,0.004200850613415241,1,-0.001234053634107113,1
02/11/26 22:46:40.792934144,0.001199813443236053,1,0.001612820662558079,1,0.006829339079558849,1
02/11/26 22:46:40.892913664,0.003609077073633671,1,0.001408528420142829,1,-0.002621041610836983,1
02/11/26 22:46:40.992879360,-0.0003605389501899481,1,-0.003775161225348711,1,0.004806139040738344,1
02/11/26 22:46:41.092926208,0.01401498913764954,1,0.005407285410910845,1,-0.00107799656689167,1
02/11/26 22:46:41.192906496,0.001777367200702429,1,0.001996574923396111,1,-0.003851825138553977,1
02/11/26 22:46:41.292870400,0.0001092898310162127,1,0.003755938960239291,1,-0.001579304574988782,1
02/11/26 22:46:41.392919040,0.006221873685717583,1,-0.0004836668376810849,1,0.0004263813025318086,1
02/11/26 22:46:41.492897280,0.008232139050960541,1,-0.005333476699888706,1,-0.007533125579357147,1
02/11/26 22:46:41.592860672,0.001986543880775571,1,0.0009648173581808805,1,-0.001839979318901896,1
02/11/26 22:46:41.692913664,0.007007539737969637,1,0.0009040582226589322,1,-0.006402514409273863,1
02/11/26 22:46:41.792898560,0.003748727962374687,1,-0.002555975457653403,1,0.002587020630016923,1
02/11/26 22:46:41.892873984,0.006153267808258533,1,-0.003612197935581207,1,-0.003481294028460979,1
02/11/26 22:46:41.992925952,0.01311973202973604,1,0.004879749845713377,1,-0.004580311477184296,1
02/11/26 22:46:42.092908544,-0.002313049277290702,1,0.002576227067038417,1,0.009311042726039886,1
02/11/26 22:46:42.192879360,0.0003128770040348172,1,-0.001275769202038646,1,0.0003233466995880008,1
02/11/26 22:46:42.292931328,0.01289638690650463,1,0.004259875044226646,1,0.004013289231806993,1
02/11/26 22:46:42.392912896,0.01091119647026062,1,0.005046502687036991,1,-0.001416789717040956,1
02/11/26 22:46:42.492882176,0.009223727509379387,1,0.001582564087584615,1,0.002256248146295547,1
02/11/26 22:46:42.592935424,0.000624490377958864,1,0.0004846423107665032,1,-0.001568380510434508,1
02/11/26 22:46:42.692914688,0.01291804946959019,1,-0.001783765503205359,1,-0.0003256443305872381,1
02/11/26 22:46:42.792885248,0.01275020372122526,1,-0.001106546260416508,1,0.00243286369368434,1
02/11/26 22:46:42.892935424,-0.001297784969210625,1,-0.00563925364986062,1,-0.03020239621400833,1
02/11/26 22:46:42.992918784,-0.01752766966819763,1,-0.001325309276580811,1,0.00987735390663147,1
02/11/26 22:46:43.092889088,0.006743512582033873,1,0.001945471623912454,1,-0.001406683120876551,1
02/11/26 22:46:43.192938752,0.01609125547111034,1,-0.0006117274751886725,1,0.006965212058275938,1
02/11/26 22:46:43.292918528,0.008838341571390629,1,0.006290105637162924,1,-0.004803339950740337,1
02/11/26 22:46:43.392891392,-0.001848190673626959,1,0.004711582325398922,1,-0.001248867949470878,1
02/11/26 22:46:43.492939264,-0.001457503763958812,1,0.001870654406957328,1,-0.002876256126910448,1
02/11/26 22:46:43.592916992,0.01084671728312969,1,0.006376173812896013,1,-0.003030434250831604,1
02/11/26 22:46:43.692885504,0.008736139163374901,1,0.003402393544092774,1,0.003668181831017137,1
02/11/26 22:46:43.792933376,-0.0007171041797846556,1,-0.003559886245056987,1,-0.001734394580125809,1
02/11/26 22:46:43.892910592,0.00451836921274662,1,0.003042440162971616,1,0.0005015393253415823,1
02/11/26 22:46:43.992877056,0.00711026880890131,1,0.002842869842424989,1,0.002126234350726008,1
02/11/26 22:46:44.092924672,0.02306072041392326,1,-0.0007161124376580119,1,-0.006306186784058809,1
02/11/26 22:46:44.192902656,0.004051646217703819,1,0.0008104882435873151,1,0.002844832371920347,1
02/11/26 22:46:44.292868608,-0.0005192558746784925,1,0.002066160319373012,1,0.001503680017776787,1
02/11/26 22:46:44.392917248,0.01395536959171295,1,-0.0003428339841775596,1,0.003335318528115749,1
02/11/26 22:46:44.492894720,0.004074416123330593,1,0.002856177743524313,1,0.002800681628286839,1
02/11/26 22:46:44.592859392,0.00730484863743186,1,0.004057678859680891,1,-0.0003992822021245956,1
02/11/26 22:46:44.692909568,-0.0004492548177950084,1,-0.001111257704906166,1,0.00203174096532166,1
02/11/26 22:46:44.792891904,0.006562195718288422,1,0.001030258950777352,1,0.00128656392917037,1
02/11/26 22:46:44.892856064,0.01155782677233219,1,0.003495351644232869,1,0.002578543033450842,1
02/11/26 22:46:44.992904960,0.01205258164554834,1,0.0004054829478263855,1,-0.002542810048907995,1
02/11/26 22:46:45.092885248,0.0008305414812639356,1,0.000478334492072463,1,-0.002128955442458391,1
02/11/26 22:46:45.192850944,0.006689741276204586,1,0.00289026228711009,1,-0.001505112159065902,1
02/11/26 22:46:45.292898560,0.009130186401307583,1,0.0006844579475000501,1,-0.002831635298207402,1
02/11/26 22:46:45.392878336,0.02182915806770325,1,0.003519740421324968,1,0.0124681144952774,1
02/11/26 22:46:45.492842240,0.006420017220079899,1,0.001986670773476362,1,-0.0038788050878793,1
02/11/26 22:46:45.592888832,0.004639615770429373,1,0.001020399853587151,1,-0.0009096999419853091,1
02/11/26 22:46:45.692868352,-0.1087071225047112,1,0.02965173497796059,1,-0.03042272478342056,1
02/11/26 22:46:45.792832512,0.03378958255052567,1,-0.01431827247142792,1,-0.007463602349162102,1
02/11/26 22:46:45.892880384,-0.01078862603753805,1,0.002617154968902469,1,0.003915254957973957,1
02/11/26 22:46:45.992860160,0.005130888894200325,1,-0.002224664902314544,1,-0.002682914724573493,1
02/11/26 22:46:46.092823040,0.004105199128389359,1,0.0003878212301060557,1,0.005243612919002771,1
02/11/26 22:46:46.192868864,0.02154717408120632,1,0.00510017154738307,1,0.001516740536317229,1
02/11/26 22:46:46.292852992,0.002897033002227545,1,-4.117313073948026e-05,1,-0.0037497254088521,1
02/11/26 22:46:46.392825088,-0.002408240456134081,1,0.007626398932188749,1,-0.002600292209535837,1
02/11/26 22:46:46.492877568,0.00763357151299715,1,0.003266825806349516,1,0.001464371103793383,1
02/11/26 22:46:46.592859392,0.009684458374977112,1,-0.0005618770373985171,1,0.004526230506598949,1
02/11/26 22:46:46.692830464,0.008057267405092716,1,0.004039851948618889,1,-0.0002047710586339235,1
02/11/26 22:46:46.792882432,-0.0007418938330374658,1,0.000788024568464607,1,-0.0009525442728772759,1
02/11/26 22:46:46.892866048,-0.02119350992143154,1,-0.01356246042996645,1,0.02589228376746178,1
02/11/26 22:46:46.992835328,0.01231160666793585,1,0.0007762876339256763,1,0.003521225182339549,1
02/11/26 22:46:47.092888064,0.007332525216042995,1,-0.007980965077877045,1,0.001181817380711436,1
02/11/26 22:46:47.192868864,-0.001673256978392601,1,0.001499654492363334,1,-0.004895486403256655,1
02/11/26 22:46:47.292840192,0.006248831283301115,1,0.0006171736167743802,1,-0.0009105513454414904,1
02/11/26 22:46:47.392890624,0.007611271925270557,1,0.0063077537342906,1,-0.004353265278041363,1
02/11/26 22:46:47.492872448,0.01024867594242096,1,0.007573951501399279,1,-0.00474999938160181,1
02/11/26 22:46:47.592843008,-0.002926951507106423,1,-0.002336720936000347,1,-0.001064253970980644,1
02/11/26 22:46:47.692893952,-0.1277592182159424,1,-0.0155959976837039,1,-0.08048318326473236,1
02/11/26 22:46:47.792876800,0.04571466892957687,1,-0.001372016035020351,1,-0.005357066635042429,1
02/11/26 22:46:47.892845824,0.002868507988750935,1,-0.0003014839021489024,1,-0.004474752582609653,1
02/11/26 22:46:47.992894976,0.00209932285360992,1,-0.001850612810812891,1,0.007295115385204554,1
02/11/26 22:46:48.092872192,1.003989018499851e-05,1,-7.152563193812966e-05,1,0.001028194092214108,1
02/11/26 22:46:48.192840704,0.01061827410012484,1,0.002991648390889168,1,-0.005816633813083172,1
02/11/26 22:46:48.292889600,0.01397323608398438,1,0.001256134826689959,1,0.007572449743747711,1
02/11/26 22:46:48.392867328,0.00386924808844924,1,0.001419209525920451,1,-0.002272623591125011,1
02/11/26 22:46:48.492837888,0.003419480053707957,1,-0.001251587178558111,1,-0.00235843937844038,1
02/11/26 22:46:48.592885504,0.003848420456051826,1,0.0008752046851441264,1,-0.001831061905249953,1
02/11/26 22:46:48.692863232,0.01141798496246338,1,0.001235716277733445,1,-0.001348442980088294,1
02/11/26 22:46:48.792829696,0.0112042473629117,1,0.003029140178114176,1,-0.0005442826077342033,1
02/11/26 22:46:48.892877056,-0.001197102596051991,1,-0.005722935777157545,1,-0.002113516675308347,1
02/11/26 22:46:48.992853504,0.01037178002297878,1,0.006453666836023331,1,-0.0001777836587280035,1
02/11/26 22:46:49.092819200,0.01247728429734707,1,0.005141455680131912,1,0.00059965078253299,1
02/11/26 22:46:49.192868864,0.01374305877834558,1,-0.0007814342970959842,1,-8.847401477396488e-05,1
02/11/26 22:46:49.292851200,0.003551665227860212,1,0.003362822812050581,1,-0.0008200034499168396,1
02/11/26 22:46:49.392816640,0.003622649703174829,1,0.0007608310552313924,1,-0.0004028178518638015,1
02/11/26 22:46:49.492865792,0.007312720641493797,1,-0.001720144413411617,1,-0.00182069931179285,1
02/11/26 22:46:49.592846848,0.01988420262932777,1,0.002518242690712214,1,0.002024853136390448,1
02/11/26 22:46:49.692813312,0.06148690730333328,1,0.02637316472828388,1,0.09408984333276749,1
02/11/26 22:46:49.792860416,-0.002766890218481421,1,0.007160002365708351,1,0.006399881560355425,1
02/11/26 22:46:49.892841728,0.0224513653665781,1,0.001541441073641181,1,-0.004448937252163887,1
02/11/26 22:46:49.992806144,0.01290115527808666,1,0.0007863254868425429,1,0.004049991257488728,1
02/11/26 22:46:50.092854784,0.005743752233684063,1,-0.000488233519718051,1,-0.007155780214816332,1
02/11/26 22:46:50.192834304,-0.004424212966114283,1,-0.001799651654437184,1,0.0007516513578593731,1
02/11/26 22:46:50.292798976,0.009275145828723907,1,-0.0028209681622684,1,-0.001087730983272195,1
02/11/26 22:46:50.392847616,0.01410304568707943,1,0.005709028337150812,1,0.001582757220603526,1
02/11/26 22:46:50.492829440,0.00977008230984211,1,0.0007854757714085281,1,0.002220889553427696,1
02/11/26 22:46:50.592794112,-0.001192953088320792,1,-0.003059635637328029,1,0.0002368969435337931,1
02/11/26 22:46:50.692840192,0.00904038455337286,1,-0.001789851346984506,1,-0.002100762911140919,1
02/11/26 22:46:50.792820992,0.01312685571610928,1,0.002799207344651222,1,0.0007878343458287418,1
02/11/26 22:46:50.892793600,0.01309474371373653,1,0.0004142766119912267,1,-0.0001908302074298263,1
02/11/26 22:46:50.992846848,0.001856979681178927,1,0.000780330621637404,1,-0.001888070954009891,1
02/11/26 22:46:51.092830208,0.007150794379413128,1,0.00142246310133487,1,-0.0002469643950462341,1
02/11/26 22:46:51.192801536,0.008818665519356728,1,-0.0004593388875946403,1,0.004087082110345364,1
02/11/26 22:46:51.292853504,0.01301136519759893,1,-0.0003072251565754414,1,-0.0002759143244475126,1
02/11/26 22:46:51.392835072,0.006739689968526363,1,0.006628862116485834,1,0.0001178195816464722,1
02/11/26 22:46:51.492804352,0.005640184041112661,1,-0.0008690062677487731,1,-0.0005577793344855309,1
02/11/26 22:46:51.592855808,0.0165755208581686,1,0.002396311378106475,1,0.00677363621070981,1
02/11/26 22:46:51.692836352,0.01082232035696507,1,0.0005862194811925292,1,-0.004712201654911041,1
02/11/26 22:46:51.792807936,0.004831648431718349,1,0.002920970320701599,1,-0.002381331287324429,1
02/11/26 22:46:51.892858624,0.002512605395168066,1,-0.002128839958459139,1,-0.003138454630970955,1
02/11/26 22:46:51.992837888,0.009910339489579201,1,0.003445168258622289,1,-0.006057515740394592,1
02/11/26 22:46:52.092809472,0.01540752593427896,1,0.004512015730142593,1,-0.0001714160898700356,1
02/11/26 22:46:52.192860160,0.01398810744285583,1,0.002450159285217524,1,0.001609359635040164,1
02/11/26 22:46:52.292841728,0.002451111329719424,1,-0.001340400776825845,1,-0.002975026611238718,1
02/11/26 22:46:52.392812032,0.004411986563354731,1,0.002554106758907437,1,0.005774534773081541,1
02/11/26 22:46:52.492860672,0.01818179152905941,1,-0.0005279227625578642,1,0.0005497304955497384,1
02/11/26 22:46:52.592840448,0.009093651548027992,1,0.001868838793598115,1,-0.004375034943223,1
02/11/26 22:46:52.692809472,0.00610540434718132,1,-0.000472335668746382,1,-0.003431159537285566,1
02/11/26 22:46:52.792859648,0.003478251863270998,1,0.006477630697190762,1,5.552871152758598e-05,1
02/11/26 22:46:52.892836864,0.01777426898479462,1,-7.294572424143553e-05,1,0.002739118412137032,1
02/11/26 22:46:52.992804352,0.1115360110998154,1,0.003212675917893648,1,-0.008806684985756874,1
02/11/26 22:46:53.092852480,-0.01618507131934166,1,0.01168854907155037,1,0.01248504873365164,1
02/11/26 22:46:53.192830720,0.004988004919141531,1,-0.0005993165541440248,1,-0.004610588774085045,1
02/11/26 22:46:53.292797184,0.003312564920634031,1,0.005890870466828346,1,0.01330303587019444,1
02/11/26 22:46:53.392844544,0.0117323026061058,1,0.006169843953102827,1,0.002888052258640528,1
02/11/26 22:46:53.492823040,-0.03144590184092522,1,0.008531447499990463,1,0.06348605453968048,1
02/11/26 22:46:53.592789248,-0.02022827230393887,1,-0.01239227410405874,1,-0.03466656059026718,1
02/11/26 22:46:53.692835584,0.01240043994039297,1,0.009843997657299042,1,0.005959619302302599,1
02/11/26 22:46:53.792812544,0.01510315202176571,1,0.003072668798267841,1,-0.005223892163485289,1
02/11/26 22:46:53.892779264,0.005575036630034447,1,-0.001834302442148328,1,0.005134944804012775,1
02/11/26 22:46:53.992828928,-0.004460422322154045,1,0.003143023466691375,1,-0.001286190468817949,1
02/11/26 22:46:54.092811776,0.01219781022518873,1,0.0005467443261295557,1,0.002409692388027906,1
02/11/26 22:46:54.192778240,0.01308081950992346,1,-0.0006465016049332917,1,0.01023343950510025,1
02/11/26 22:46:54.292826368,0.008471050299704075,1,0.0001161505933851004,1,-0.001104147639125586,1
02/11/26 22:46:54.392807168,-0.004781421739608049,1,0.002120243152603507,1,-0.003800509963184595,1
02/11/26 22:46:54.492773888,0.008966070599853992,1,0.0003485868219286203,1,0.003826756495982409,1
02/11/26 22:46:54.592822016,0.0144159821793437,1,0.0006238009664230049,1,0.003755793441087008,1
02/11/26 22:46:54.692802304,0.004682706668972969,1,0.004152093082666397,1,0.0068524987436831,1
02/11/26 22:46:54.792766208,-0.0009403569856658578,1,0.001081342808902264,1,0.004517646040767431,1
02/11/26 22:46:54.892814336,0.003217922989279032,1,0.0003965446958318353,1,-0.003022602060809731,1
02/11/26 22:46:54.992794880,0.01004352327436209,1,0.006883755791932344,1,-0.0008003787370398641,1
02/11/26 22:46:55.092761600,0.01018034294247627,1,0.005416451022028923,1,0.001486502354964614,1
02/11/26 22:46:55.192812544,0.0009196067694574594,1,-7.403007475659251e-05,1,-0.00546332960948348,1
02/11/26 22:46:55.292792064,0.0007846619701012969,1,-0.003658697009086609,1,0.004136359319090843,1
02/11/26 22:46:55.392755200,0.008529543876647949,1,0.003643794916570187,1,0.0002648616791702807,1
02/11/26 22:46:55.492801280,0.01282569207251072,1,0.002353894524276257,1,0.0003344721044413745,1
02/11/26 22:46:55.592781824,0.00677331630140543,1,0.007265543565154076,1,-9.231141302734613e-05,1
02/11/26 22:46:55.692755200,0.003375363769009709,1,-0.0006606889655813575,1,0.0004123834660276771,1
02/11/26 22:46:55.792807680,0.005597257521003485,1,0.0005656605935655534,1,0.005194166209548712,1
02/11/26 22:46:55.892789760,0.01172286085784435,1,0.0007664260920137167,1,0.004626842215657234,1
02/11/26 22:46:55.992760576,0.01060378830879927,1,-0.001419589738361537,1,0.001520955585874617,1
02/11/26 22:46:56.092813312,0.0009005937026813626,1,-0.00051715481095016,1,0.0007099935319274664,1
02/11/26 22:46:56.192796160,0.003458832856267691,1,-0.00285372999496758,1,0.002753228880465031,1
02/11/26 22:46:56.292767488,0.01016772072762251,1,-0.002724751364439726,1,0.001497431076131761,1
02/11/26 22:46:56.392818688,0.01475478522479534,1,-0.0006307463627308607,1,0.0005209934315644205,1
02/11/26 22:46:56.492799744,0.002354668220505118,1,0.0008747342508286238,1,-0.001768905902281404,1
02/11/26 22:46:56.592771328,0.006746943574398756,1,0.003467249916866422,1,-0.0008157900301739573,1
02/11/26 22:46:56.692821248,0.009770791977643967,1,0.003902577562257648,1,0.001647235825657845,1
02/11/26 22:46:56.792801024,0.01553795952349901,1,-0.001440629013814032,1,0.002775419503450394,1
02/11/26 22:46:56.892771584,7.221382111310959e-05,1,0.003491114126518369,1,-0.001879499992355704,1
02/11/26 22:46:56.992820480,0.009514022618532181,1,-0.006736062467098236,1,0.001326204277575016,1
02/11/26 22:46:57.092799744,0.006202063523232937,1,0.0007193387718871236,1,0.003200504928827286,1
02/11/26 22:46:57.192770048,0.01316987164318562,1,0.006451897323131561,1,0.004992341622710228,1
02/11/26 22:46:57.292819968,0.01186450477689505,1,-0.0008684243075549603,1,0.003267763648182154,1
02/11/26 22:46:57.392798208,0.003517127363011241,1,0.0007608481682837009,1,0.004504879005253315,1
02/11/26 22:46:57.492773120,0.009396634995937347,1,-0.0003246660344302654,1,3.108987584710121e-05,1
02/11/26 22:46:57.592836096,0.01941262185573578,1,-0.000194104271940887,1,0.0001898875925689936,1
02/11/26 22:46:57.692814592,0.002980097662657499,1,0.002052175346761942,1,0.004371616989374161,1
02/11/26 22:46:57.792781312,0.005241919308900833,1,-0.002022262196987867,1,-0.0001160718384198844,1
02/11/26 22:46:57.892829440,0.003739333245903254,1,-0.0009478054707869887,1,0.002872570650652051,1
02/11/26 22:46:57.992808192,0.01090336591005325,1,0.002380904741585255,1,0.007159341592341661,1
02/11/26 22:46:58.092774656,0.008530060760676861,1,0.003576394403353333,1,0.002210352104157209,1
02/11/26 22:46:58.192822016,0.001649238402023911,1,-0.00247832341119647,1,-0.002206221455708146,1
02/11/26 22:46:58.292799488,0.006178347393870354,1,0.004027582239359617,1,0.002675814554095268,1
02/11/26 22:46:58.392765184,0.009218936786055565,1,-0.0008438336080871522,1,0.01211319677531719,1
02/11/26 22:46:58.492815872,0.009877629578113556,1,0.003109426703304052,1,0.000645820633508265,1
02/11/26 22:46:58.592802304,0.008429693058133125,1,0.005283995531499386,1,0.004389956593513489,1
02/11/26 22:46:58.692769280,9.054318070411682e-05,1,0.00243817875161767,1,0.01056547276675701,1
02/11/26 22:46:58.792817920,0.01562737673521042,1,0.005382559262216091,1,0.001292683300562203,1
02/11/26 22:46:58.892799488,0.01073861122131348,1,0.003697652369737625,1,-0.001218159100972116,1
02/11/26 22:46:58.992766464,0.003571840235963464,1,-0.005128422752022743,1,0.0041203866712749,1
02/11/26 22:46:59.092814848,0.002069090260192752,1,5.840184167027473e-05,1,-0.003863887162879109,1
02/11/26 22:46:59.192794368,0.01394668500870466,1,0.004357845988124609,1,-0.00671034213155508,1
02/11/26 22:46:59.292759040,0.01228827890008688,1,0.000591842457652092,1,0.003209538757801056,1
02/11/26 22:46:59.392806656,0.001842791214585304,1,-0.001667500240728259,1,0.006928656250238419,1
02/11/26 22:46:59.492786944,-0.001104002585634589,1,-0.004428356885910034,1,-0.003511718008667231,1
02/11/26 22:46:59.592750848,0.006723739206790924,1,0.002611173549667001,1,-0.0008386359550058842,1
02/11/26 22:46:59.692798976,0.01488958671689034,1,0.004742786288261414,1,0.002491406397894025,1
02/11/26 22:46:59.792780032,0.008766529150307178,1,-0.0008516981033608317,1,0.002966319676488638,1
02/11/26 22:46:59.892742656,-0.001682470086961985,1,-0.003367659170180559,1,-0.002000818494707346,1
02/11/26 22:46:59.992789760,0.004421552177518606,1,0.0003278395161032677,1,4.360685124993324e-05,1
02/11/26 22:47:00.092769536,0.01496634539216757,1,-0.001491617877036333,1,0.001337461988441646,1
02/11/26 22:47:00.192733440,0.011565200984478,1,0.004627539310604334,1,-0.0006622168002650142,1
02/11/26 22:47:00.292786688,0.004320405423641205,1,-0.001131106866523623,1,-0.003712414763867855,1
02/11/26 22:47:00.392770048,-0.00236379262059927,1,0.004702142905443907,1,0.001148482318967581,1
02/11/26 22:47:00.492741888,0.009737767279148102,1,-0.003452582284808159,1,-0.001147366361692548,1
02/11/26 22:47:00.592794112,0.008713594637811184,1,0.0003958390152547508,1,0.002155781490728259,1
02/11/26 22:47:00.692777472,0.003379533067345619,1,-0.00144084170460701,1,0.003062753472477198,1
02/11/26 22:47:00.792751360,0.002955139614641666,1,0.00183159695006907,1,-0.001597289694473147,1
02/11/26 22:47:00.892804096,0.0120866484940052,1,-0.001633080770261586,1,-0.002252343343570828,1
02/11/26 22:47:00.992785408,0.009970537386834621,1,0.0036432936321944,1,0.0006152322748675942,1
02/11/26 22:47:01.092756736,0.005852439906448126,1,-0.000311964366119355,1,0.003603269113227725,1
02/11/26 22:47:01.192808192,-0.002982423175126314,1,0.002427187748253345,1,0.003780843690037727,1
02/11/26 22:47:01.292788736,0.02290354296565056,1,-0.001675786217674613,1,-0.02075920626521111,1
02/11/26 22:47:01.392760064,0.0225335881114006,1,-0.002175583271309733,1,0.002886334899812937,1
02/11/26 22:47:01.492809984,0.01588596031069756,1,-0.001423288835212588,1,0.0008973542135208845,1
02/11/26 22:47:01.592788736,0.0106725450605154,1,0.004141771234571934,1,-0.002201687544584274,1
02/11/26 22:47:01.692759296,0.004924834705889225,1,0.001953439321368933,1,-0.0001629134349059314,1
02/11/26 22:47:01.792808704,0.00407209200784564,1,-0.0009444027673453093,1,0.003025009529665112,1
02/11/26 22:47:01.892788480,-0.0624430775642395,1,0.01225600391626358,1,-0.009642411023378372,1
02/11/26 22:47:01.992758272,0.0125730074942112,1,-0.0107310451567173,1,-0.007591506466269493,1
02/11/26 22:47:02.092808192,-0.007261070422828197,1,0.002683005295693874,1,0.001260587712749839,1
02/11/26 22:47:02.192786688,0.0183517150580883,1,-0.002192776883020997,1,0.003117611166089773,1
02/11/26 22:47:02.292754944,0.01189467962831259,1,0.000348408444551751,1,0.0121606457978487,1
02/11/26 22:47:02.392804864,0.003311767242848873,1,0.001421650988049805,1,-0.0004259422130417079,1
02/11/26 22:47:02.492784896,0.0009861198486760259,1,0.002012826735153794,1,-0.002935303375124931,1
02/11/26 22:47:02.592751616,0.005405034404247999,1,0.005090674851089716,1,0.001510371570475399,1
02/11/26 22:47:02.692799232,0.01082546077668667,1,0.001038965536281466,1,0.006110937800258398,1
02/11/26 22:47:02.792777472,0.01266971509903669,1,0.001503719598986208,1,0.005889823660254478,1
02/11/26 22:47:02.892743936,0.001911473693326116,1,0.0009371951455250382,1,0.002862817142158747,1
02/11/26 22:47:02.992791552,0.005401034839451313,1,-0.001712344586849213,1,0.0007629451574757695,1
02/11/26 22:47:03.092768768,0.0167465303093195,1,-0.003551778616383672,1,0.001808915054425597,1
02/11/26 22:47:03.192737024,0.004275100771337748,1,-0.001626492361538112,1,0.005574794951826334,1
02/11/26 22:47:03.292787712,0.001010440057143569,1,-0.004494564607739449,1,0.0009607302490621805,1
02/11/26 22:47:03.392770048,0.004570364020764828,1,-0.002249911660328507,1,0.00185988936573267,1
02/11/26 22:47:03.492736256,0.01379210315644741,1,0.006968927569687366,1,0.004233493003994226,1
02/11/26 22:47:03.592784640,0.0103273494169116,1,0.001734060235321522,1,-0.001041922834701836,1
02/11/26 22:47:03.692765952,0.005822896026074886,1,0.004068469628691673,1,-0.001494968309998512,1
02/11/26 22:47:03.792731392,-0.006467847619205713,1,-0.00495918607339263,1,-0.004907385911792517,1
02/11/26 22:47:03.892778496,0.01024997048079967,1,0.003892998676747084,1,0.002125704195350409,1
02/11/26 22:47:03.992759040,0.0139042604714632,1,-0.0005824442487210035,1,0.000306259433273226,1
02/11/26 22:47:04.092723968,0.004737973213195801,1,-0.001309029757976532,1,-0.001975977327674627,1
02/11/26 22:47:04.192772608,-0.001636893372051418,1,0.001017621951177716,1,0.001222180319018662,1
02/11/26 22:47:04.292753920,0.01120984368026257,1,0.000526637420989573,1,0.006866090465337038,1
02/11/26 22:47:04.392717824,0.01346268877387047,1,0.001028640544973314,1,0.0008591670775786042,1
02/11/26 22:47:04.492765696,0.008339850232005119,1,-0.001585013582371175,1,-0.003223699051886797,1
02/11/26 22:47:04.592747264,-0.004517446737736464,1,0.001024455763399601,1,-0.001397397019900382,1
02/11/26 22:47:04.692712448,0.00633552297949791,1,-0.0009560310863889754,1,0.00272616813890636,1
02/11/26 22:47:04.792758784,0.008406876586377621,1,0.002123082987964153,1,-0.0007837298326194286,1
02/11/26 22:47:04.892742400,0.007387596182525158,1,-0.003415768500417471,1,-0.001691351062618196,1
02/11/26 22:47:04.992714496,0.005198315717279911,1,0.002931094262748957,1,0.0001754595432430506,1
02/11/26 22:47:05.092811008,0.006684691179543734,1,-0.001984864706173539,1,-0.004363514948636293,1
02/11/26 22:47:05.192857856,0.009544508531689644,1,0.006088630296289921,1,0.001347368117421865,1
02/11/26 22:47:05.292828928,0.009846286848187447,1,0.002686617663130164,1,0.003548717359080911,1
02/11/26 22:47:05.392881408,0.003975323401391506,1,-0.0001293950481340289,1,-0.001181956380605698,1
02/11/26 22:47:05.492863488,0.000895713921636343,1,-0.002878422848880291,1,0.002758587710559368,1
02/11/26 22:47:05.592832000,0.01559395436197519,1,0.006551981903612614,1,-0.0008622291497886181,1
02/11/26 22:47:05.692884480,0.01095428038388491,1,0.003191828727722168,1,-0.002271973993629217,1
02/11/26 22:47:05.792867840,0.001513419207185507,1,0.0003591503482311964,1,-0.0006250026635825634,1
02/11/26 22:47:05.892837376,0.001385630923323333,1,0.006222487892955542,1,-0.00212309299968183,1
02/11/26 22:47:05.992887296,0.01064555533230305,1,0.000763831427320838,1,0.002415413036942482,1
02/11/26 22:47:06.092867840,0.01739511825144291,1,0.008471163921058178,1,0.00549474498257041,1
02/11/26 22:47:06.192836608,0.007263012230396271,1,-0.0006326219881884754,1,0.006548497825860977,1
02/11/26 22:47:06.292886016,0.004496606066823006,1,0.006016547325998545,1,-0.01106023415923119,1
02/11/26 22:47:06.392864512,0.007376492023468018,1,-0.00476748775690794,1,-0.00116038613487035,1
02/11/26 22:47:06.492835840,0.01479457784444094,1,0.002091078320518136,1,0.008839111775159836,1
02/11/26 22:47:06.592884224,0.003461303887888789,1,0.0009829113259911537,1,-0.002190767088904977,1
02/11/26 22:47:06.692862208,0.002035021083429456,1,0.004082051105797291,1,0.002966048195958138,1
02/11/26 22:47:06.792841728,0.008123667910695076,1,0.004143075086176395,1,0.003278576303273439,1
02/11/26 22:47:06.892889600,0.01155474595725536,1,0.00150409946218133,1,0.005324291065335274,1
02/11/26 22:47:06.992866816,0.01230661757290363,1,-0.002615769160911441,1,0.0003871957305818796,1
02/11/26 22:47:07.092834816,-0.003159502753987908,1,-0.004231397993862629,1,-0.004813647363334894,1
02/11/26 22:47:07.192882432,0.007215612567961216,1,0.001014178385958076,1,-0.0008098164107650518,1
02/11/26 22:47:07.292861184,0.01524126529693604,1,0.001958155306056142,1,0.00993730966001749,1
02/11/26 22:47:07.392827648,0.009089476428925991,1,0.002057014498859644,1,0.003004031255841255,1
02/11/26 22:47:07.492876544,0.009693099185824394,1,0.0001917475601658225,1,0.0002046833396889269,1
02/11/26 22:47:07.592855296,0.002241899725049734,1,0.0005158536368981004,1,4.225957673043013e-05,1
02/11/26 22:47:07.692820736,0.01176461670547724,1,-0.0003034576366189867,1,-0.0011142318835482,1
02/11/26 22:47:07.792869888,0.01492591388523579,1,0.00414385087788105,1,0.001173539669252932,1
02/11/26 22:47:07.892851712,0.006579270586371422,1,0.009062826633453369,1,0.001675450592301786,1
02/11/26 22:47:07.992818688,0.0007541046943515539,1,-0.0008357452461495996,1,0.001953133847564459,1
02/11/26 22:47:08.092868608,0.01115929242223501,1,0.000214499537833035,1,0.0002353152085561305,1
02/11/26 22:47:08.192850176,0.01410545222461224,1,0.004237512592226267,1,0.004239336587488651,1
02/11/26 22:47:08.292813312,0.01050760596990585,1,0.002063111867755651,1,0.002245969604700804,1
02/11/26 22:47:08.392859904,0.006466984283179045,1,0.001780840335413814,1,-0.003444884438067675,1
02/11/26 22:47:08.492841728,-0.003619270864874125,1,-0.0009162183851003647,1,0.0002577465493232012,1
02/11/26 22:47:08.592806400,0.01205610111355782,1,-0.001825461164116859,1,0.003972404636442661,1
02/11/26 22:47:08.692853248,0.01204073987901211,1,-0.001202547457069159,1,-0.0003846143372356892,1
02/11/26 22:47:08.792832256,0.003198437392711639,1,-0.001891148742288351,1,-0.001965100411325693,1
02/11/26 22:47:08.892796160,0.02557684481143951,1,-0.002409868873655796,1,0.0147222438827157,1
02/11/26 22:47:08.992842240,0.01586821861565113,1,0.001412335550412536,1,0.002351834671571851,1
02/11/26 22:47:09.092820480,0.01638519018888474,1,0.003818074008449912,1,0.004453997127711773,1
02/11/26 22:47:09.192782848,0.007510173134505749,1,0.005424969829618931,1,-0.004393165465444326,1
02/11/26 22:47:09.292829952,0.005462374538183212,1,-0.002115056151524186,1,-0.001562386285513639,1
02/11/26 22:47:09.392808960,0.01342317461967468,1,0.007842897437512875,1,0.004048220813274384,1
02/11/26 22:47:09.492780544,0.01469734497368336,1,0.00157303805463016,1,0.002821359084919095,1
02/11/26 22:47:09.592833024,0.002410394139587879,1,0.001634174841456115,1,-0.0002343890955671668,1
02/11/26 22:47:09.692816384,0.0001659314875723794,1,0.00292309932410717,1,0.002859978005290031,1
02/11/26 22:47:09.792788736,0.01133144181221724,1,0.00624760752543807,1,-0.002891434822231531,1
02/11/26 22:47:09.892845056,0.01456124894320965,1,0.005286396015435457,1,0.003529453882947564,1
02/11/26 22:47:09.992828928,0.005666556768119335,1,0.00186410965397954,1,-9.450799552723765e-05,1
02/11/26 22:47:10.092798208,0.003561690682545304,1,-0.004271444398909807,1,0.0001753176911734045,1
02/11/26 22:47:10.192849152,0.01064673438668251,1,0.004003677517175674,1,-0.008490121923387051,1
02/11/26 22:47:10.292831232,0.01196597702801228,1,0.001577679067850113,1,0.002701610792428255,1
02/11/26 22:47:10.392801280,0.01045433152467012,1,0.004149630200117826,1,0.003985822666436434,1
02/11/26 22:47:10.492851200,0.006151968613266945,1,0.001068545388989151,1,-0.00264390860684216,1
02/11/26 22:47:10.592831744,0.008663546293973923,1,0.001586940372362733,1,-0.002851395634934306,1
02/11/26 22:47:10.692800000,0.01142345648258924,1,0.000334372220095247,1,0.001608669059351087,1
02/11/26 22:47:10.792848384,0.01360534876585007,1,0.006909462623298168,1,0.007300278637558222,1
02/11/26 22:47:10.892826880,0.004470142535865307,1,0.002552713500335813,1,-0.002097529824823141,1
02/11/26 22:47:10.992798464,-0.002512184903025627,1,0.003401702037081122,1,0.008183307945728302,1
02/11/26 22:47:11.092850688,0.003598205279558897,1,0.001544117461889982,1,0.002496640663594007,1
02/11/26 22:47:11.192842496,0.01703478582203388,1,0.002596006728708744,1,0.004421157762408257,1
02/11/26 22:47:11.292814080,0.006670893635600805,1,0.002552435267716646,1,-0.0007354145054705441,1
02/11/26 22:47:11.392862208,0.003272105939686298,1,-0.0004940739599987864,1,0.002117898780852556,1
02/11/26 22:47:11.492839424,0.01000044587999582,1,0.004050936084240675,1,0.004362601786851883,1
02/11/26 22:47:11.592805888,0.005024086683988571,1,0.003909694962203503,1,0.003355140797793865,1
02/11/26 22:47:11.692851968,0.009045997634530067,1,0.002307764021679759,1,0.001766206813044846,1
02/11/26 22:47:11.792828416,0.001258612843230367,1,0.003426877316087484,1,7.904041558504105e-05,1
02/11/26 22:47:11.892795392,0.004656879231333733,1,-0.0001969693694263697,1,-0.0007410282269120216,1
02/11/26 22:47:11.992843008,0.005594681482762098,1,0.003810079302638769,1,0.001593181164935231,1
02/11/26 22:47:12.092818944,0.008572734892368317,1,0.001956229098141193,1,0.003311949549242854,1
02/11/26 22:47:12.192784128,0.005402395501732826,1,0.004586122930049896,1,0.0008713228744454682,1
02/11/26 22:47:12.292830976,0.002902754349634051,1,0.002866503316909075,1,0.00162595952861011,1
02/11/26 22:47:12.392808448,0.01563137397170067,1,0.002051887568086386,1,0.001769260503351688,1
02/11/26 22:47:12.492772864,0.01178207714110613,1,0.001531814690679312,1,0.003496713005006313,1
02/11/26 22:47:12.592821248,0.006904372945427895,1,-0.002691511530429125,1,0.002895171754062176,1
02/11/26 22:47:12.692802304,0.002388012129813433,1,0.0006820259732194245,1,-0.003210337134078145,1
02/11/26 22:47:12.792765952,0.008485080674290657,1,0.00387097429484129,1,0.002826065756380558,1
02/11/26 22:47:12.892813568,0.01016715727746487,1,0.005140520632266998,1,0.003210549708455801,1
02/11/26 22:47:12.992793856,0.006751557812094688,1,0.00295186648145318,1,0.002485454548150301,1
02/11/26 22:47:13.092758016,0.001041958807036281,1,-0.003481972264125943,1,0.002298095496371388,1
02/11/26 22:47:13.192805888,0.009459452703595161,1,0.004288078285753727,1,-0.0003529053647071123,1
02/11/26 22:47:13.292784896,0.009295773692429066,1,0.001594012719579041,1,2.970790956169367e-05,1
02/11/26 22:47:13.392749056,0.01170444302260876,1,0.00339916767552495,1,-0.0009755146456882358,1
02/11/26 22:47:13.492794880,0.002688194159418344,1,0.0009912108071148396,1,0.0001983639085665345,1
02/11/26 22:47:13.592772608,0.004763832315802574,1,-0.001676236744970083,1,-0.0001314628752879798,1
02/11/26 22:47:13.692735488,0.01295946259051561,1,0.004456174094229937,1,-0.003078050678595901,1
02/11/26 22:47:13.792781824,0.01270406134426594,1,0.001222645398229361,1,0.003668652614578605,1
02/11/26 22:47:13.892760576,0.005114157218486071,1,-0.001303346361964941,1,0.0033026656601578,1
02/11/26 22:47:13.992727296,0.006357396952807903,1,-0.001864413730800152,1,0.0002788207493722439,1
02/11/26 22:47:14.092780288,0.01007476821541786,1,0.002584805712103844,1,0.006210168823599815,1
02/11/26 22:47:14.192762880,0.008308619260787964,1,0.001477570738643408,1,0.009481307119131088,1
02/11/26 22:47:14.292733696,0.006628192495554686,1,0.002766921650618315,1,0.0002313434379175305,1
02/11/26 22:47:14.392785664,0.003585149068385363,1,0.002187810372561216,1,0.001607411773875356,1
02/11/26 22:47:14.492766976,0.01110133901238441,1,0.002571291290223598,1,0.003417517291381955,1
02/11/26 22:47:14.592739072,0.01873355731368065,1,0.00270937429741025,1,0.004706311970949173,1
02/11/26 22:47:14.692790528,0.008862492628395557,1,0.0008824149845167994,1,-0.003845107043161988,1
02/11/26 22:47:14.792773376,0.005853100214153528,1,0.0007181963883340359,1,0.001248777494765818,1
02/11/26 22:47:14.892747264,0.01414172723889351,1,-0.001944100251421332,1,-0.0002603990724310279,1
02/11/26 22:47:14.992796416,0.01911881938576698,1,0.002850848250091076,1,0.001536865718662739,1
02/11/26 22:47:15.092777216,0.01230296026915312,1,-0.002279686974361539,1,0.001704615890048444,1
02/11/26 22:47:15.192747008,0.0005252832779660821,1,0.001808024593628943,1,-0.0004355563432909548,1
02/11/26 22:47:15.292796160,0.006804840173572302,1,0.005206395406275988,1,0.001109898323193192,1
02/11/26 22:47:15.392775424,0.01605166308581829,1,0.006356045138090849,1,0.003982166759669781,1
02/11/26 22:47:15.492745216,0.008625010028481483,1,0.00399292865768075,1,0.0005828767898492515,1
02/11/26 22:47:15.592795136,0.0005408117431215942,1,0.002395957708358765,1,-0.004078561440110207,1
02/11/26 22:47:15.692773376,0.004616823513060808,1,0.003554984927177429,1,0.007750047836452723,1
02/11/26 22:47:15.792741376,0.01127845142036676,1,0.003281761426478624,1,0.005555282812565565,1
02/11/26 22:47:15.892788736,0.01131442934274673,1,-0.0001724115572869778,1,0.0008527865866199136,1
02/11/26 22:47:15.992767488,-0.002423209836706519,1,0.007392678875476122,1,-0.001594523899257183,1
02/11/26 22:47:16.092735488,0.001155759673565626,1,0.006684581749141216,1,0.001850602333433926,1
02/11/26 22:47:16.192783104,0.00705406442284584,1,0.001450807903893292,1,-0.003077838569879532,1
02/11/26 22:47:16.292760576,0.008672146126627922,1,0.003085938282310963,1,-0.001471017021685839,1
02/11/26 22:47:16.392727296,0.007756930775940418,1,0.002789661288261414,1,-0.004157593939453363,1
02/11/26 22:47:16.492774656,0.005723872222006321,1,0.0008692949777469039,1,0.0004393622220959514,1
02/11/26 22:47:16.592752896,0.008372828364372253,1,0.00161688169464469,1,-0.002921653678640723,1
02/11/26 22:47:16.692718848,0.01287075038999319,1,0.005592541769146919,1,-0.0001451853313483298,1
02/11/26 22:47:16.792765184,0.00267549604177475,1,0.004039642866700888,1,-0.001797809614799917,1
02/11/26 22:47:16.892742656,0.001422602916136384,1,0.0001943657407537103,1,-0.002616242738440633,1
02/11/26 22:47:16.992707072,0.00300121633335948,1,-0.00123299437109381,1,-0.0004522141243796796,1
02/11/26 22:47:17.092755200,0.008532246574759483,1,0.003663633950054646,1,0.005771874450147152,1
02/11/26 22:47:17.192735744,0.006309733260422945,1,0.003805401269346476,1,0.002765933983027935,1
02/11/26 22:47:17.292701696,0.008165670558810234,1,0.004190884996205568,1,-0.00589369423687458,1
02/11/26 22:47:17.392748800,0.003950136713683605,1,0.004089628346264362,1,0.0008519536349922419,1
02/11/26 22:47:17.492729088,0.01174990553408861,1,0.003918773494660854,1,0.004855568520724773,1
02/11/26 22:47:17.592693504,0.01177938934415579,1,0.006369850132614374,1,-0.001408276846632361,1
02/11/26 22:47:17.692740608,0.00660660257562995,1,0.003673269879072905,1,-0.004460475407540798,1
02/11/26 22:47:17.792721152,0.001653147512115538,1,-3.694638871820644e-05,1,-0.0007646386511623859,1
02/11/26 22:47:17.892685312,0.01206261198967695,1,0.003008490428328514,1,0.002874630270525813,1
02/11/26 22:47:17.992732672,0.01282682083547115,1,0.009031475521624088,1,-0.001013471279293299,1
02/11/26 22:47:18.092711424,0.006893798243254423,1,0.00132595282047987,1,-0.004568868316709995,1
02/11/26 22:47:18.192673792,0.0004837596206925809,1,-0.001310984138399363,1,0.006598045118153095,1
02/11/26 22:47:18.292720128,0.008792895823717117,1,0.001329350052401423,1,0.0005749547854065895,1
02/11/26 22:47:18.392700160,0.01146424748003483,1,0.002900493331253529,1,0.00272351480089128,1
02/11/26 22:47:18.492667392,0.004842412192374468,1,0.003213562071323395,1,0.001811698777601123,1
02/11/26 22:47:18.592721152,0.006891941651701927,1,0.002294536912813783,1,-0.0006127777742221951,1
02/11/26 22:47:18.692704256,0.005012627691030502,1,0.0008159220451489091,1,0.005663343239575624,1
02/11/26 22:47:18.792675072,0.01128820143640041,1,-0.0009649406420066953,1,-0.0001624407595954835,1
02/11/26 22:47:18.892728064,0.005801381543278694,1,0.006083082873374224,1,0.004850898869335651,1
02/11/26 22:47:18.992710144,0.003364942036569118,1,0.002203673124313354,1,0.0006972911069169641,1
02/11/26 22:47:19.092680960,0.01193095184862614,1,0.005468201823532581,1,-0.001352654886431992,1
02/11/26 22:47:19.192732928,0.01712982542812824,1,0.002970880595967174,1,0.001606989884749055,1
02/11/26 22:47:19.292713728,0.005011199042201042,1,0.003904403652995825,1,0.0002762928488664329,1
02/11/26 22:47:19.392685312,-0.0002259559696540236,1,0.003166783601045609,1,-0.00285097723826766,1
02/11/26 22:47:19.492735232,0.0041166041046381,1,0.002247653901576996,1,-0.003000717144459486,1
02/11/26 22:47:19.592715520,0.01225285138934851,1,0.001550503890030086,1,0.0002430175663903356,1
02/11/26 22:47:19.692685824,0.008579108864068985,1,0.001357943052425981,1,0.006043920759111643,1
02/11/26 22:47:19.792734464,0.0007571458118036389,1,0.0022723029833287,1,-0.0005356486071832478,1
02/11/26 22:47:19.892714240,0.009449967183172703,1,0.001800714293494821,1,-0.001825455110520124,1
02/11/26 22:47:19.992685056,0.01638471521437168,1,0.001109406352043152,1,-0.0008215176640078425,1
02/11/26 22:47:20.092732928,0.006477280519902706,1,0.003209856338799,1,0.004768470302224159,1
02/11/26 22:47:20.192711936,0.005124532151967287,1,-0.001849219086579978,1,0.001358115579932928,1
02/11/26 22:47:20.292681216,0.006142401602119207,1,0.001269912347197533,1,-0.003640304785221815,1
02/11/26 22:47:20.392730624,0.008526253513991833,1,0.002430704422295094,1,0.001222893828526139,1
02/11/26 22:47:20.492708352,0.01308769732713699,1,0.004132525995373726,1,0.004026914015412331,1
02/11/26 22:47:20.592675840,0.007773639634251595,1,0.002165195299312472,1,-0.001674026250839233,1
02/11/26 22:47:20.692723712,-0.001659507397562265,1,-1.347126089967787e-05,1,-0.002529781311750412,1
02/11/26 22:47:20.792702976,0.009523557499051094,1,-0.0002698401804082096,1,0.001548167550936341,1
02/11/26 22:47:20.892669184,0.01134974788874388,1,0.004621822386980057,1,0.002411897759884596,1
02/11/26 22:47:20.992717312,0.008753784000873566,1,0.003220281563699245,1,0.002487799618393183,1
02/11/26 22:47:21.092696064,0.003382111666724086,1,0.001284875208511949,1,0.001175071229226887,1
02/11/26 22:47:21.192661248,0.002240911824628711,1,0.001374731305986643,1,-0.0009165436495095491,1
02/11/26 22:47:21.292708096,0.01457687374204397,1,0.001053711166605353,1,-0.002514057559892535,1
02/11/26 22:47:21.392684544,0.006642550230026245,1,0.004341605119407177,1,0.0005031928885728121,1
02/11/26 22:47:21.492651264,0.001353593310341239,1,0.0005038348608650267,1,-0.003004021942615509,1
02/11/26 22:47:21.592700160,0.007707316428422928,1,-0.0005031888722442091,1,-0.001820424688048661,1
02/11/26 22:47:21.692681472,0.009382319636642933,1,0.006067997775971889,1,0.0002287139068357646,1
02/11/26 22:47:21.792647424,0.01320454571396112,1,0.0009516097488813102,1,0.002832035068422556,1
02/11/26 22:47:21.892694784,0.003674910869449377,1,0.0008567105978727341,1,0.0003299192467238754,1
02/11/26 22:47:21.992675584,0.004694699309766293,1,0.001959828659892082,1,-0.0007714025559835136,1
02/11/26 22:47:22.092640512,0.008763636462390423,1,0.00269189802929759,1,0.003599179908633232,1
02/11/26 22:47:22.192687104,0.01525714714080095,1,-0.0008903719717636704,1,0.002850922988727689,1
02/11/26 22:47:22.292666624,0.008491439744830132,1,0.003243135754019022,1,0.004726764746010303,1
02/11/26 22:47:22.392630784,-0.002933364827185869,1,0.000251363730058074,1,-0.003658148692920804,1
02/11/26 22:47:22.492679168,0.003894726280122995,1,0.001061488874256611,1,-0.001872738590463996,1
02/11/26 22:47:22.592658944,0.01636018417775631,1,0.004529504105448723,1,0.003387747332453728,1
02/11/26 22:47:22.692622848,0.0103001557290554,1,0.007296592462807894,1,-0.005228480789810419,1
02/11/26 22:47:22.792670208,0.0004637324018403888,1,0.002494326094165444,1,-0.003491402370855212,1
02/11/26 22:47:22.892649728,0.009537704288959503,1,0.01026441808789968,1,-0.0002788400452118367,1
02/11/26 22:47:22.992611328,0.01151411049067974,1,0.004769181367009878,1,-0.003349184989929199,1
02/11/26 22:47:23.092660480,0.01007963251322508,1,0.00383869674988091,1,-0.0008849350269883871,1
02/11/26 22:47:23.192644352,0.002616415731608868,1,0.004349153954535723,1,-0.005175125785171986,1
02/11/26 22:47:23.292615936,0.009819375351071358,1,0.006171870045363903,1,-0.003531498368829489,1
02/11/26 22:47:23.392668160,0.009805421344935894,1,-0.002008000621572137,1,-0.003922849427908659,1
02/11/26 22:47:23.492649984,0.008352160453796387,1,0.004360663238912821,1,-0.002691045869141817,1
02/11/26 22:47:23.592622336,0.002306913724169135,1,0.003368134843185544,1,-0.0001292319502681494,1
02/11/26 22:47:23.692674048,0.003727773204445839,1,0.003018333110958338,1,0.002807376440614462,1
02/11/26 22:47:23.792655872,0.01131893694400787,1,0.007150999270379543,1,0.001585144316777587,1
02/11/26 22:47:23.892630272,0.01236511580646038,1,0.0006836467073298991,1,-0.003233735682442784,1
02/11/26 22:47:23.992686848,0.0111252274364233,1,0.004416007082909346,1,0.0005576195544563234,1
02/11/26 22:47:24.092668160,0.005029091145843267,1,0.0005350349238142371,1,-0.002749013714492321,1
02/11/26 22:47:24.192640768,0.00578585546463728,1,0.0001597465598024428,1,-0.002327031921595335,1
02/11/26 22:47:24.292690176,0.01514497026801109,1,0.002432923065498471,1,0.001118744490668178,1
02/11/26 22:47:24.392669440,0.007767037488520145,1,0.001251622103154659,1,0.000651115202344954,1
02/11/26 22:47:24.492640256,0.009162861853837967,1,0.002731415908783674,1,-0.002400885801762342,1
02/11/26 22:47:24.592692480,0.003462581895291805,1,1.229002373293042e-05,1,-0.001776151126250625,1
02/11/26 22:47:24.692672512,0.01093514449894428,1,0.005923522636294365,1,0.003050495171919465,1
02/11/26 22:47:24.792643072,0.01223869901150465,1,0.0004545908886939287,1,-0.0008869583252817392,1
02/11/26 22:47:24.892694528,-0.001743975095450878,1,-0.0002343956148251891,1,-0.0033324568066746,1
02/11/26 22:47:24.992671744,0.005304718390107155,1,-0.002613194286823273,1,0.002624698914587498,1
02/11/26 22:47:25.092638720,0.009221808053553104,1,0.00106500880792737,1,-0.003410817123949528,1
02/11/26 22:47:25.192687616,0.005144593305885792,1,0.01472159661352634,1,-0.008337337523698807,1
02/11/26 22:47:25.292668160,0.007955249398946762,1,0.004844788461923599,1,-0.003659494919702411,1
02/11/26 22:47:25.392634624,0.0002003473637159914,1,-0.0008036239305511117,1,-0.003156130202114582,1
02/11/26 22:47:25.492682496,0.0255607794970274,1,0.01905191317200661,1,-0.001675017876550555,1
02/11/26 22:47:25.592659456,0.03203275799751282,1,-0.008975811302661896,1,-0.003751766867935658,1
02/11/26 22:47:25.692625152,0.001777762081474066,1,0.006174041889607906,1,0.000201714807190001,1
02/11/26 22:47:25.792672256,0.001491205999627709,1,0.001778812147676945,1,-0.002066316548734903,1
02/11/26 22:47:25.892647936,0.005787422880530357,1,0.0004836177686229348,1,-0.005720141343772411,1
02/11/26 22:47:25.992614144,0.003908286802470684,1,0.001192830968648195,1,0.008971473202109337,1
02/11/26 22:47:26.092662528,0.005972807295620441,1,0.002162122167646885,1,0.003236541524529457,1
02/11/26 22:47:26.192644096,0.01790043897926807,1,0.008978036232292652,1,0.01782811991870403,1
02/11/26 22:47:26.292609792,0.02401146665215492,1,0.002715601120144129,1,0.007873310707509518,1
02/11/26 22:47:26.392659968,0.04610710963606834,1,0.02359741926193237,1,-0.006449421867728233,1
02/11/26 22:47:26.492642560,0.01052746269851923,1,0.0006751737091690302,1,-0.02698194421827793,1
02/11/26 22:47:26.592608000,0.01582500524818897,1,0.006946137174963951,1,-0.03835900500416756,1
02/11/26 22:47:26.692654592,0.0005703534698113799,1,0.003347659716382623,1,-0.01570281758904457,1
02/11/26 22:47:26.792635392,0.008633247576653957,1,0.006368153728544712,1,0.01258377078920603,1
02/11/26 22:47:26.892598784,0.009692834690213203,1,0.006207125727087259,1,0.007574887946248055,1
02/11/26 22:47:26.992647168,0.00817526038736105,1,0.006191127933561802,1,0.00737101212143898,1
02/11/26 22:47:27.092627456,0.00886082835495472,1,0.001170753501355648,1,-0.003744970075786114,1
02/11/26 22:47:27.192590848,0.01063932571560144,1,0.004859959706664085,1,-0.007878565229475498,1
02/11/26 22:47:27.292637696,0.01201470661908388,1,0.001768728368915617,1,0.003683575894683599,1
02/11/26 22:47:27.392617216,0.01262752339243889,1,0.0006011309451423585,1,-0.004698734730482101,1
02/11/26 22:47:27.492579328,0.01017293427139521,1,0.0005822047824040055,1,0.00136103923432529,1
02/11/26 22:47:27.592625920,-0.001912313047796488,1,0.002269858028739691,1,-0.0001769140071701258,1
02/11/26 22:47:27.692609024,0.006019406951963902,1,0.001630340237170458,1,0.002950344234704971,1
02/11/26 22:47:27.792580864,0.0195029191672802,1,0.003195361699908972,1,0.003286256920546293,1
02/11/26 22:47:27.892633600,0.005997609347105026,1,0.004064403474330902,1,-0.0009859648998826742,1
02/11/26 22:47:27.992615424,0.006746493279933929,1,0.00744941271841526,1,-0.005492697469890118,1
02/11/26 22:47:28.092587776,0.008200904354453087,1,0.006750793196260929,1,-0.005398374516516924,1
02/11/26 22:47:28.192639232,0.005958778783679008,1,0.006489893421530724,1,0.001205857144668698,1
02/11/26 22:47:28.292619776,0.002463771961629391,1,0.002458185190334916,1,-0.00073396967491135,1
02/11/26 22:47:28.392591872,0.009342004545032978,1,-0.002334565855562687,1,-0.007617746945470572,1
02/11/26 22:47:28.492642560,0.01088694762438536,1,0.005993513856083155,1,-0.005760690663009882,1
02/11/26 22:47:28.592623616,0.01118463929742575,1,0.003558312077075243,1,0.006684310268610716,1
02/11/26 22:47:28.692593920,0.01068912260234356,1,0.00308177899569273,1,0.001516660675406456,1
02/11/26 22:47:28.792642816,0.002412394620478153,1,0.001507352106273174,1,-0.005103209987282753,1
02/11/26 22:47:28.892623104,0.007781836204230785,1,0.004006536677479744,1,0.0007330782245844603,1
02/11/26 22:47:28.992593664,0.01685428805649281,1,0.007494264282286167,1,0.0005643457407131791,1
02/11/26 22:47:29.092642816,0.006084350869059563,1,0.007842841558158398,1,0.001725701848044991,1
02/11/26 22:47:29.192621824,0.005972363520413637,1,0.001274846028536558,1,-0.00213334895670414,1
02/11/26 22:47:29.292590592,0.00606689415872097,1,-0.001153155346401036,1,-9.294226765632629e-05,1
02/11/26 22:47:29.392640512,0.009392522275447845,1,0.0007979272049851716,1,-0.003964250441640615,1
02/11/26 22:47:29.492620544,0.006463948171585798,1,0.001702233799733222,1,-0.003398613072931767,1
02/11/26 22:47:29.592588800,0.008179895579814911,1,0.0008559161215089262,1,-0.001638338319025934,1
02/11/26 22:47:29.692639744,0.007862333208322525,1,0.007022460456937551,1,-0.00637270649895072,1
02/11/26 22:47:29.792632576,0.01565024815499783,1,0.002588973846286535,1,-0.0009191193385049701,1
02/11/26 22:47:29.892620032,0.01277973223477602,1,-0.0006190729327499866,1,-0.001126843737438321,1
02/11/26 22:47:29.992667904,0.01003425661474466,1,0.002877651480957866,1,-0.002664010273292661,1
02/11/26 22:47:30.092646656,0.004938063211739063,1,-0.001842257217504084,1,0.003760297782719135,1
02/11/26 22:47:30.192614144,0.01089480239897966,1,0.003964659757912159,1,-0.002967872656881809,1
02/11/26 22:47:30.292661504,0.005009928718209267,1,-0.0003659602662082762,1,-0.002061019884422421,1
02/11/26 22:47:30.392638976,0.007405149284750223,1,0.001642236020416021,1,-0.009908728301525116,1
02/11/26 22:47:30.492609792,0.003659103531390429,1,-0.001940507907420397,1,-0.002397027332335711,1
02/11/26 22:47:30.592655616,0.007866716012358665,1,-0.00120293372310698,1,-0.001091267680749297,1
02/11/26 22:47:30.692630784,0.01831534504890442,1,0.0006889894139021635,1,-0.00452798418700695,1
02/11/26 22:47:30.792596992,0.006165115628391504,1,0.003934416919946671,1,-0.006996122654527426,1
02/11/26 22:47:30.892644608,0.006266786716878414,1,0.0001307548955082893,1,-0.001046634279191494,1
02/11/26 22:47:30.992625408,0.004419499076902866,1,0.002844922710210085,1,-0.0009716772474348545,1
02/11/26 22:47:31.092591360,0.01130713894963264,1,0.005218036472797394,1,-0.001125555019825697,1
02/11/26 22:47:31.192638208,0.009801966138184071,1,0.003420332912355661,1,-0.00579535448923707,1
02/11/26 22:47:31.292619520,0.00275785755366087,1,0.001396726001985371,1,-0.001256522024050355,1
02/11/26 22:47:31.392583424,-0.0004032151773571968,1,-0.001319154747761786,1,-0.0009353975183330476,1
02/11/26 22:47:31.492632064,0.009243127889931202,1,0.002045422326773405,1,-0.00105528230778873,1
02/11/26 22:47:31.592612608,0.01664765365421772,1,-0.001029959181323647,1,-0.001188993919640779,1
02/11/26 22:47:31.692580864,0.004862693138420582,1,0.003051197621971369,1,0.0001604660646989942,1
02/11/26 22:47:31.792628736,0.003534164279699326,1,-0.001137214014306664,1,-0.003149152267724276,1
02/11/26 22:47:31.892610304,0.00531304907053709,1,-6.615754682570696e-05,1,0.001740094507113099,1
02/11/26 22:47:31.992573440,0.01196558494120836,1,0.002492139581590891,1,-0.001904202159494162,1
02/11/26 22:47:32.092620800,0.004140679724514484,1,0.004197005648165941,1,-0.004932574462145567,1
02/11/26 22:47:32.192601344,0.006746706552803516,1,-0.00124598084948957,1,-0.006074289325624704,1
02/11/26 22:47:32.292573696,0.01074173860251904,1,0.001021632459014654,1,0.004665021784603596,1
02/11/26 22:47:32.392627456,0.01033242512494326,1,0.006342316977679729,1,9.507562208455056e-05,1
02/11/26 22:47:32.492610304,0.002129598753526807,1,-0.001312642358243465,1,0.004958394914865494,1
02/11/26 22:47:32.592582912,0.002382094506174326,1,0.001838005613535643,1,-0.001429280848242342,1
02/11/26 22:47:32.692635136,0.01018779911100864,1,-0.0009361171396449208,1,-0.004914021119475365,1
02/11/26 22:47:32.792617472,0.01423801947385073,1,5.993765080347657e-05,1,0.0003331899642944336,1
02/11/26 22:47:32.892589056,0.007568747270852327,1,0.00211429107002914,1,0.002811519894748926,1
02/11/26 22:47:32.992639232,-0.002711525652557611,1,-0.002257612068206072,1,0.001929240417666733,1
02/11/26 22:47:33.092620032,0.01343085803091526,1,0.0005407722783274949,1,-0.001169504830613732,1
02/11/26 22:47:33.192592896,0.003252552589401603,1,0.00477223563939333,1,0.002698739990592003,1
02/11/26 22:47:33.292643072,0.003511798102408648,1,-0.003742563771083951,1,-0.002508492209017277,1
02/11/26 22:47:33.392624384,0.009817391633987427,1,0.002336435485631227,1,-0.00231052958406508,1
02/11/26 22:47:33.492594944,0.003898623632267118,1,-0.00411212770268321,1,0.000668997410684824,1
02/11/26 22:47:33.592644864,0.007362209260463715,1,0.001846129540354013,1,-0.001860738266259432,1
02/11/26 22:47:33.692624640,0.006829396355897188,1,0.004406502936035395,1,-0.005847102031111717,1
02/11/26 22:47:33.792594432,0.002365146996453404,1,-0.002696601673960686,1,0.002203018171712756,1
02/11/26 22:47:33.892643328,0.0007231291965581477,1,-0.0004324557958170772,1,0.001237872638739645,1
02/11/26 22:47:33.992621568,0.00675360020250082,1,0.002033858792856336,1,-0.0004843029892072082,1
02/11/26 22:47:34.092590080,0.01001673378050327,1,0.002015280537307262,1,-0.001417562365531921,1
02/11/26 22:47:34.192638976,0.006194202695041895,1,-0.003457156475633383,1,-0.00294981338083744,1
02/11/26 22:47:34.292617984,0.001564813661389053,1,0.00504135200753808,1,0.002932329196482897,1
02/11/26 22:47:34.392584960,0.004746975377202034,1,0.004863937851041555,1,-0.00362180732190609,1
02/11/26 22:47:34.492633856,0.007185963448137045,1,0.002621164079755545,1,-0.008786658756434917,1
02/11/26 22:47:34.592612608,0.01349634304642677,1,0.004160987678915262,1,0.000987590872682631,1
02/11/26 22:47:34.692579072,0.003927390091121197,1,0.002123543526977301,1,-0.003370815655216575,1
02/11/26 22:47:34.792625920,0.005136595107614994,1,0.001612143125385046,1,-0.0005330597050487995,1
02/11/26 22:47:34.892603392,0.007218957878649235,1,0.002313495147973299,1,-0.0004998241784051061,1
02/11/26 22:47:34.992567552,0.01190269645303488,1,0.001616270281374454,1,0.001740903593599796,1
02/11/26 22:47:35.092613632,0.001357747940346599,1,-0.001191629096865654,1,-0.00463760644197464,1
02/11/26 22:47:35.192589312,0.002776756882667542,1,0.003212794195860624,1,-0.005887066014111042,1
02/11/26 22:47:35.292555520,0.004118786193430424,1,-0.001070670783519745,1,-0.0001262456644326448,1
02/11/26 22:47:35.392603392,0.01337066106498241,1,0.005254693794995546,1,0.001222619088366628,1
02/11/26 22:47:35.492583680,0.008949720300734043,1,-0.00396120548248291,1,0.0001639557885937393,1
02/11/26 22:47:35.592549632,0.002356697805225849,1,0.002558545675128698,1,-0.001927389181219041,1
02/11/26 22:47:35.692596224,8.556665852665901e-05,1,0.001647475059144199,1,-0.001149506773799658,1
02/11/26 22:47:35.792576768,0.008697628974914551,1,-0.000576247344724834,1,0.002446515718474984,1
02/11/26 22:47:35.892540672,0.006304631009697914,1,-0.001902500865980983,1,-0.002812914084643126,1
02/11/26 22:47:35.992589824,0.002816115505993366,1,-0.000715625355951488,1,-0.001290658256039023,1
02/11/26 22:47:36.092569856,0.00656042480841279,1,-0.001908277161419392,1,-0.00361709576100111,1
02/11/26 22:47:36.192536576,0.01210844144225121,1,0.002126904670149088,1,0.003302064957097173,1
02/11/26 22:47:36.292584448,0.005866341292858124,1,0.001640804926864803,1,-0.0007462800713256001,1
02/11/26 22:47:36.392568320,0.007658370304852724,1,-0.005198799539357424,1,-0.0006093251286074519,1
02/11/26 22:47:36.492531712,0.004369843751192093,1,0.00129926367662847,1,-0.005858286283910275,1
02/11/26 22:47:36.592579072,0.008417661301791668,1,-0.00349611951969564,1,-0.001662691589444876,1
02/11/26 22:47:36.692559104,0.0076774419285357,1,0.005160829983651638,1,0.001968190772458911,1
02/11/26 22:47:36.792525056,0.0007883184589445591,1,0.00364114111289382,1,-0.002329801907762885,1
02/11/26 22:47:36.892576512,0.001950939651578665,1,0.0006845906609669328,1,-0.00175042578484863,1
02/11/26 22:47:36.992560384,0.009790970012545586,1,-0.001186800538562238,1,-0.001739555853419006,1
02/11/26 22:47:37.092532480,0.005902865901589394,1,0.00276532513089478,1,-0.00321682752110064,1
02/11/26 22:47:37.192586752,0.008075440302491188,1,-0.003483275650069118,1,-0.002429827116429806,1
02/11/26 22:47:37.292569600,0.002499558497220278,1,-0.0002793909516185522,1,0.001843764097429812,1
02/11/26 22:47:37.392541952,0.007559395395219326,1,0.003466854337602854,1,-0.002473755041137338,1
02/11/26 22:47:37.492593152,0.01315571088343859,1,-0.0005686463555321097,1,-0.0004498324706219137,1
02/11/26 22:47:37.592574464,0.003740388201549649,1,-0.002414083573967218,1,0.001321598654612899,1
02/11/26 22:47:37.692545280,0.0005416115745902061,1,0.002426295774057508,1,-0.004194413311779499,1
02/11/26 22:47:37.792595200,0.009529255330562592,1,-0.001666792319156229,1,-0.002804327523335814,1
02/11/26 22:47:37.892575488,0.01131194457411766,1,0.004664019215852022,1,-0.009136508218944073,1
02/11/26 22:47:37.992547584,0.005314366891980171,1,0.001692490070126951,1,-0.0009591692360118032,1
02/11/26 22:47:38.092599296,0.002848832635208964,1,0.004013806581497192,1,-0.001678766799159348,1
02/11/26 22:47:38.192579840,0.005813140887767076,1,-0.002941998420283198,1,0.001150358701124787,1
02/11/26 22:47:38.292549120,0.01253052894026041,1,-0.0009925523772835732,1,-0.005065998993813992,1
02/11/26 22:47:38.392599040,0.009002123959362507,1,0.0004528304270934314,1,-0.001769651542417705,1
02/11/26 22:47:38.492577280,0.004428484477102757,1,-0.001317420857958496,1,0.002217652508988976,1
02/11/26 22:47:38.592545792,0.003747707698494196,1,-0.0004326879279688001,1,-0.003931136801838875,1
02/11/26 22:47:38.692596736,0.009309754706919193,1,0.002644640160724521,1,0.0003813377115875483,1
02/11/26 22:47:38.792575744,0.009893364273011684,1,0.002189864404499531,1,-0.002648922149091959,1
02/11/26 22:47:38.892542208,-0.003537604818120599,1,0.002339658094570041,1,-0.006351159885525703,1
02/11/26 22:47:38.992590336,0.005447471980005503,1,0.004452799912542105,1,-0.005616210866719484,1
02/11/26 22:47:39.092568832,0.009226668626070023,1,0.0006710696034133434,1,-0.0007394944550469518,1
02/11/26 22:47:39.192534784,0.0135326124727726,1,0.0009372059721499681,1,-0.0009481593733653426,1
02/11/26 22:47:39.292582656,0.003086552256718278,1,0.001030071871355176,1,-0.003215554403141141,1
02/11/26 22:47:39.392561152,0.001794771291315556,1,0.003760597668588161,1,-0.006073122378438711,1
02/11/26 22:47:39.492532480,0.006570872385054827,1,0.003666601376608014,1,-0.002183761447668076,1
02/11/26 22:47:39.592580096,0.01104079838842154,1,0.002861705375835299,1,0.0006949229282326996,1
02/11/26 22:47:39.692555776,0.01405877806246281,1,0.0007631325861439109,1,-0.005535970441997051,1
02/11/26 22:47:39.792523264,-0.002667041961103678,1,0.003279432188719511,1,0.0008187242783606052,1
02/11/26 22:47:39.892572160,0.00634222524240613,1,0.0008391231531277299,1,0.001967939548194408,1
02/11/26 22:47:39.992554240,0.009938761591911316,1,0.001688113668933511,1,-0.0005135905230417848,1
02/11/26 22:47:40.092520192,0.005362787283957005,1,0.001589435036294162,1,-0.0006423383019864559,1
02/11/26 22:47:40.192568576,0.001574134454131126,1,0.001509175752289593,1,-0.002674681833013892,1
02/11/26 22:47:40.292549888,0.005646920762956142,1,0.008166544139385223,1,-0.003509517060592771,1
02/11/26 22:47:40.392514560,0.009555229917168617,1,0.003417266998440027,1,0.0003779677790589631,1
02/11/26 22:47:40.492562944,0.01288630906492472,1,0.004403909202665091,1,0.0003608731203712523,1
02/11/26 22:47:40.592542464,0.0008298554457724094,1,0.003095146035775542,1,-0.00418836111202836,1
02/11/26 22:47:40.692507136,0.002533420687541366,1,0.0007777335122227669,1,-0.002609918126836419,1
02/11/26 22:47:40.792555008,0.01118502579629421,1,0.003122742287814617,1,-0.004291662946343422,1
02/11/26 22:47:40.892536064,0.01260690670460463,1,0.001188722206279635,1,-0.00398663617670536,1
02/11/26 22:47:40.992498176,0.003666497534140944,1,0.003676436608657241,1,-0.003171403426676989,1
02/11/26 22:47:41.092544768,-0.000474539352580905,1,0.002767759375274181,1,-0.0006899501895532012,1
02/11/26 22:47:41.192524544,0.004157505463808775,1,0.002691501984372735,1,0.001939747598953545,1
02/11/26 22:47:41.292487168,0.008299369364976883,1,0.008174553513526917,1,0.002164447912946343,1
02/11/26 22:47:41.392532992,0.01134473085403442,1,0.004399685654789209,1,-0.003749253693968058,1
02/11/26 22:47:41.492515328,-0.0002044630819000304,1,0.004464611411094666,1,-0.003313081106171012,1
02/11/26 22:47:41.592488704,0.001451585674658418,1,0.001378353103064001,1,0.0001120514934882522,1
02/11/26 22:47:41.692541440,0.0131182000041008,1,0.00578225776553154,1,0.0001810077810660005,1
02/11/26 22:47:41.792523264,0.01449115481227636,1,-0.003520761616528034,1,0.0008435733616352081,1
02/11/26 22:47:41.892495104,0.005265176761895418,1,0.004306850954890251,1,-0.0007760679582133889,1
02/11/26 22:47:41.992546048,0.003525132313370705,1,0.004146767314523458,1,8.647906361147761e-05,1
02/11/26 22:47:42.092526848,0.009394812397658825,1,0.0009037107229232788,1,-0.004758529365062714,1
02/11/26 22:47:42.192497920,0.008278149180114269,1,0.002342790132388473,1,0.0006767329177819192,1
02/11/26 22:47:42.292548352,0.005545072723180056,1,0.0006183822406455874,1,0.004017355386167765,1
02/11/26 22:47:42.392529152,0.003779189195483923,1,0.002467317972332239,1,0.000506909447722137,1
02/11/26 22:47:42.492499712,0.0131293497979641,1,0.001965545583516359,1,-0.003294370602816343,1
02/11/26 22:47:42.592549632,0.009455730207264423,1,0.003010261338204145,1,-0.001991359516978264,1
02/11/26 22:47:42.692529408,0.006138913333415985,1,-0.002309052273631096,1,-0.0006530249956995249,1
02/11/26 22:47:42.792498688,0.005222463048994541,1,5.526572931557894e-05,1,0.001530569978058338,1
02/11/26 22:47:42.892549376,0.007866754196584225,1,0.001915436936542392,1,0.003117239568382502,1
02/11/26 22:47:42.992529664,0.01589155197143555,1,0.0006204323144629598,1,0.004540451802313328,1
02/11/26 22:47:43.092498432,0.005147554446011782,1,-9.666604455560446e-05,1,-0.003480418352410197,1
02/11/26 22:47:43.192546816,0.00431016506627202,1,-0.0009981242474168539,1,-0.0002068842295557261,1
02/11/26 22:47:43.292526336,0.007524972315877676,1,-0.001521210419014096,1,0.0005017512012273073,1
02/11/26 22:47:43.392494080,0.007350052706897259,1,-0.00106550264172256,1,-0.001954396720975637,1
02/11/26 22:47:43.492542976,0.01642215251922607,1,0.002648638328537345,1,-0.003973688930273056,1
02/11/26 22:47:43.592522496,0.008859548717737198,1,-0.002913623116910458,1,-0.001206613727845252,1
02/11/26 22:47:43.692489472,0.001703808316960931,1,-0.001760648447088897,1,-0.003351654391735792,1
02/11/26 22:47:43.792538624,0.004543748218566179,1,0.001629955135285854,1,-0.001003796001896262,1
02/11/26 22:47:43.892516864,0.008862387388944626,1,0.006786484736949205,1,0.002234377432614565,1
02/11/26 22:47:43.992485120,0.008628036826848984,1,-0.002811405342072248,1,-0.0006673724274151027,1
02/11/26 22:47:44.092532736,0.004682546481490135,1,0.004162698984146118,1,-0.003420432098209858,1
02/11/26 22:47:44.192508416,0.003584183054044843,1,-0.003584450343623757,1,-0.001909086480736732,1
02/11/26 22:47:44.292474880,0.01458897814154625,1,0.004660356789827347,1,0.005140800960361958,1
02/11/26 22:47:44.392523264,0.006746110506355762,1,-0.004176726099103689,1,-0.001973192673176527,1
02/11/26 22:47:44.492505344,0.001777465804480016,1,4.305782204028219e-05,1,-0.002803147071972489,1
02/11/26 22:47:44.592471296,0.0005065088043920696,1,0.007223174441605806,1,0.001700564287602901,1
02/11/26 22:47:44.692520192,0.009176596067845821,1,0.000215961248613894,1,0.004920111503452063,1
02/11/26 22:47:44.792502016,0.01185836922377348,1,0.0007942038355395198,1,0.004323211498558521,1
02/11/26 22:47:44.892467968,0.006631487980484962,1,-0.0002878341765608639,1,0.0004082907980773598,1
02/11/26 22:47:44.992517376,0.004438661970198154,1,0.00158211134839803,1,0.0008569414494559169,1
02/11/26 22:47:45.092497664,0.01153798401355743,1,-0.0002577463747002184,1,0.002590635558590293,1
02/11/26 22:47:45.192461312,0.008874084800481796,1,-0.0004930306458845735,1,-0.001607475918717682,1
02/11/26 22:47:45.292509184,0.00399427767843008,1,0.001127220690250397,1,-0.002225106116384268,1
02/11/26 22:47:45.392489216,0.007120434660464525,1,0.0004850631230510771,1,0.001565567683428526,1
02/11/26 22:47:45.492451840,0.01046990603208542,1,0.005859612487256527,1,-0.001049244310706854,1
02/11/26 22:47:45.592498688,0.009784212335944176,1,0.001796940574422479,1,0.001349270576611161,1
02/11/26 22:47:45.692478720,0.006021182518452406,1,-0.003882448421791196,1,-0.003823459846898913,1
02/11/26 22:47:45.792441344,0.003773294854909182,1,-0.001434145262464881,1,-0.001815777737647295,1
02/11/26 22:47:45.892487168,0.004479714669287205,1,-0.001235156087204814,1,-0.002953376853838563,1
02/11/26 22:47:45.992466688,0.007718129549175501,1,-0.001118632033467293,1,0.0006523756310343742,1
02/11/26 22:47:46.092440320,0.0001774656411726028,1,0.003356854431331158,1,-0.003370688995346427,1
02/11/26 22:47:46.192493568,0.00261634262278676,1,-0.000688594882376492,1,-0.0006653649033978581,1
02/11/26 22:47:46.292475904,0.01209692284464836,1,0.000804256007540971,1,0.0004456255119293928,1
02/11/26 22:47:46.392449024,0.02000845782458782,1,0.001508519286289811,1,0.001204687636345625,1
02/11/26 22:47:46.492500480,0.009636812843382359,1,0.0001044428354362026,1,0.002498348709195852,1
02/11/26 22:47:46.592482304,0.003784797620028257,1,-0.005475743673741817,1,-7.289240602403879e-05,1
02/11/26 22:47:46.692454144,0.005202713888138533,1,0.002328741364181042,1,-0.0007720742141827941,1
02/11/26 22:47:46.792505344,0.01263825315982103,1,-0.001074615400284529,1,0.001605213270522654,1
02/11/26 22:47:46.892486400,0.006209318526089191,1,0.005541699938476086,1,0.002504363190382719,1
02/11/26 22:47:46.992457472,0.004212655127048492,1,-0.0008650930831208825,1,-0.002558749169111252,1
02/11/26 22:47:47.092511488,0.001223176601342857,1,-0.001233005546964705,1,-0.006752141751348972,1
02/11/26 22:47:47.192493312,0.01120856963098049,1,-0.001693278201855719,1,0.002428662031888962,1
02/11/26 22:47:47.292463104,0.01561817899346352,1,0.004411355592310429,1,-0.001264454098418355,1
02/11/26 22:47:47.392514048,0.0107489749789238,1,-0.003166319103911519,1,0.002973489928990602,1
02/11/26 22:47:47.492494080,0.0001759845763444901,1,0.004002421163022518,1,-0.0008601219160482287,1
02/11/26 22:47:47.592462848,0.01179235614836216,1,0.002967064036056399,1,0.003403784474357963,1
02/11/26 22:47:47.692512768,0.003251534653827548,1,0.0007227577734738588,1,-0.002670459449291229,1
02/11/26 22:47:47.792492288,0.0003916986752301455,1,0.001709918724372983,1,-0.003799103200435638,1
02/11/26 22:47:47.892459008,0.005666802637279034,1,0.0009504547924734652,1,-0.002420797711238265,1
02/11/26 22:47:47.992507392,0.01043789088726044,1,0.002999235643073916,1,0.001231404021382332,1
02/11/26 22:47:48.092485888,0.01153515558689833,1,0.004292002879083157,1,-0.005391620565205812,1
02/11/26 22:47:48.192452864,0.004937299061566591,1,-0.001986982068046927,1,0.001855239155702293,1
02/11/26 22:47:48.292500992,0.003552505746483803,1,0.0005895586218684912,1,-0.0009736995561979711,1
02/11/26 22:47:48.392478208,0.007242683321237564,1,-0.0003324584104120731,1,0.006653309799730778,1
02/11/26 22:47:48.492446208,0.01973162777721882,1,-0.002600422129034996,1,0.003368488978594542,1
02/11/26 22:47:48.592493568,0.004555691499263048,1,-0.00362966675311327,1,0.0002128537162207067,1
02/11/26 22:47:48.692470272,-0.009862822480499744,1,0.003559975884854794,1,-0.01329407934099436,1
02/11/26 22:47:48.792436736,0.02252904139459133,1,7.877964526414871e-05,1,0.01402443181723356,1
02/11/26 22:47:48.892482816,0.008864849805831909,1,-0.00337447808124125,1,-0.0005490232724696398,1
02/11/26 22:47:48.992459264,0.009175974875688553,1,-0.001576844602823257,1,-0.0002753792214207351,1
02/11/26 22:47:49.092424960,0.005810669623315334,1,-0.00268770195543766,1,0.00589474942535162,1
02/11/26 22:47:49.192474880,0.01156487874686718,1,-0.003100003115832806,1,0.001656175008974969,1
02/11/26 22:47:49.292455168,0.0116151375696063,1,0.0007552435854449868,1,0.002328747883439064,1
02/11/26 22:47:49.392420608,0.007677887566387653,1,0.003288939595222473,1,0.003408862045034766,1
02/11/26 22:47:49.492469760,0.008396320976316929,1,-0.004335712175816298,1,-0.003703381400555372,1
02/11/26 22:47:49.592450560,0.005151557736098766,1,-0.0006608802359551191,1,-0.003987391944974661,1
02/11/26 22:47:49.692413952,0.01227195002138615,1,-0.002601546701043844,1,0.004398067016154528,1
02/11/26 22:47:49.792462592,0.007551059126853943,1,0.001760541694238782,1,0.0001481095678173006,1
02/11/26 22:47:49.892444928,0.002944942563772202,1,0.002226865850389004,1,0.003358810674399137,1
02/11/26 22:47:49.992408064,0.005432128440588713,1,0.00170729891397059,1,0.001885564066469669,1
02/11/26 22:47:50.092454400,0.01329265907406807,1,0.0007931488798931241,1,0.005829153582453728,1
02/11/26 22:47:50.192434944,0.009510751813650131,1,0.001708200550638139,1,0.0003478049766272306,1
02/11/26 22:47:50.292397312,0.004819953348487616,1,0.001111846533603966,1,0.001517013995908201,1
02/11/26 22:47:50.392443904,0.0023869255091995,1,-0.00172357470728457,1,0.0006012342637404799,1
02/11/26 22:47:50.492423168,0.003656079992651939,1,0.001692256540991366,1,-0.004019985906779766,1
02/11/26 22:47:50.592388608,0.003914923407137394,1,-0.003660990856587887,1,-0.002091535367071629,1
02/11/26 22:47:50.692440064,0.003356110071763396,1,0.003602271899580956,1,0.0002492883359082043,1
02/11/26 22:47:50.792421888,0.007387712597846985,1,-0.0006522926269099116,1,-0.001953582745045424,1
02/11/26 22:47:50.892393728,0.004628234542906284,1,-0.003308233339339495,1,-0.003448059782385826,1
02/11/26 22:47:50.992445696,0.006640372797846794,1,0.001530118053779006,1,0.0007026861421763897,1
02/11/26 22:47:51.092425984,0.001135600265115499,1,0.001991341123357415,1,-0.0009678268106654286,1
02/11/26 22:47:51.192397824,-0.0002803459065034986,1,0.001933150924742222,1,-0.00217309664003551,1
02/11/26 22:47:51.292449536,0.005927424877882004,1,0.005272200796753168,1,-0.001322023803368211,1
02/11/26 22:47:51.392430848,0.0209009014070034,1,0.0007248956244438887,1,0.004133781418204308,1
02/11/26 22:47:51.492400896,0.007228289265185595,1,-0.0002441818360239267,1,0.00245073763653636,1
02/11/26 22:47:51.592452608,-0.007263864390552044,1,-0.001856305403634906,1,-0.02471806854009628,1
02/11/26 22:47:51.692432384,0.006826597265899181,1,0.002064066706225276,1,0.001970515120774508,1
02/11/26 22:47:51.792401152,0.01535524614155293,1,0.001042737392708659,1,0.003270681947469711,1
02/11/26 22:47:51.892451840,0.007632789202034473,1,0.003890880849212408,1,-0.001867542625404894,1
02/11/26 22:47:51.992431360,0.0001654608058743179,1,-0.002278034575283527,1,0.0003415080718696117,1
02/11/26 22:47:52.092400128,0.002332592150196433,1,-0.001783292391337454,1,-0.003145909402519464,1
02/11/26 22:47:52.192448512,0.01344261318445206,1,0.0009728330187499523,1,-0.001792809227481484,1
02/11/26 22:47:52.292428544,0.008823780342936516,1,-0.0009501038584858179,1,0.004705654457211494,1
02/11/26 22:47:52.392395520,0.001059082569554448,1,0.005259272176772356,1,0.001182591775432229,1
02/11/26 22:47:52.492444672,0.003724288195371628,1,0.0007757677230983973,1,-0.001561108278110623,1
02/11/26 22:47:52.592422656,0.01278016623109579,1,0.003208397421985865,1,0.004111736081540585,1
02/11/26 22:47:52.692391168,-0.002409835113212466,1,-0.003380575915798545,1,-0.0103578194975853,1
02/11/26 22:47:52.792438784,0.002444492187350988,1,-0.00621509226039052,1,0.00192698766477406,1
02/11/26 22:47:52.892416000,0.006171378307044506,1,-0.001487422501668334,1,0.0023831098806113,1
02/11/26 22:47:52.992383232,0.01143710128962994,1,0.001156019396148622,1,-0.002932744100689888,1
02/11/26 22:47:53.092431360,0.007203079294413328,1,-0.0009628741536289454,1,-0.003110484918579459,1
02/11/26 22:47:53.192407040,0.003994471859186888,1,0.002618632512167096,1,-0.0009807719616219401,1
02/11/26 22:47:53.292373760,0.004558318760246038,1,-0.000353134935721755,1,0.003529657842591405,1
02/11/26 22:47:53.392420352,0.0108987046405673,1,-0.002913879230618477,1,0.0028194859623909,1
02/11/26 22:47:53.492396288,0.008089627139270306,1,0.0005790948634967208,1,0.001673160120844841,1
02/11/26 22:47:53.592362752,0.003491017036139965,1,0.002566550159826875,1,0.0002511818893253803,1
02/11/26 22:47:53.692412416,0.0136453015729785,1,0.004233562853187323,1,0.005198984872549772,1
02/11/26 22:47:53.792394752,0.007867434993386269,1,-0.000211972976103425,1,0.003518154378980398,1
02/11/26 22:47:53.892359936,0.01491427235305309,1,0.006574967876076698,1,0.004149268381297588,1
